Id;CodColaborador;Data;Hora
1;11026;01/06/2014;09:00:00
2;11026;01/06/2014;09:06:00
3;11020;01/06/2014;11:00:00
4;11020;01/06/2014;11:09:00
5;11001;01/06/2014;12:00:00
6;11014;01/06/2014;12:00:00
7;11001;01/06/2014;13:00:00
8;11014;01/06/2014;13:00:00
9;11014;01/06/2014;17:00:00
10;11000;02/06/2014;08:00:00
11;11001;02/06/2014;08:00:00
12;11002;02/06/2014;08:00:00
13;11003;02/06/2014;08:00:00
14;11004;02/06/2014;08:00:00
15;11005;02/06/2014;08:00:00
16;11006;02/06/2014;08:00:00
17;11007;02/06/2014;08:00:00
18;11008;02/06/2014;08:00:00
19;11009;02/06/2014;08:00:00
20;11010;02/06/2014;08:00:00
21;11011;02/06/2014;08:00:00
22;11012;02/06/2014;08:00:00
23;11013;02/06/2014;08:00:00
24;11014;02/06/2014;08:00:00
26;11016;02/06/2014;08:00:00
27;11017;02/06/2014;08:00:00
28;11018;02/06/2014;08:00:00
29;11019;02/06/2014;08:00:00
30;11020;02/06/2014;08:00:00
31;11021;02/06/2014;08:00:00
32;11022;02/06/2014;08:00:00
33;11023;02/06/2014;08:00:00
34;11024;02/06/2014;08:00:00
35;11025;02/06/2014;08:00:00
36;11026;02/06/2014;08:00:00
37;11027;02/06/2014;08:00:00
38;11028;02/06/2014;08:00:00
39;11029;02/06/2014;08:00:00
40;11000;02/06/2014;12:00:00
41;11001;02/06/2014;12:00:00
43;11003;02/06/2014;12:00:00
44;11005;02/06/2014;12:00:00
45;11006;02/06/2014;12:00:00
46;11007;02/06/2014;12:00:00
47;11008;02/06/2014;12:00:00
48;11009;02/06/2014;12:00:00
49;11010;02/06/2014;12:00:00
50;11011;02/06/2014;12:00:00
51;11012;02/06/2014;12:00:00
52;11013;02/06/2014;12:00:00
53;11014;02/06/2014;12:00:00
54;11002;02/06/2014;12:00:00
55;11016;02/06/2014;12:00:00
56;11017;02/06/2014;12:00:00
57;11018;02/06/2014;12:00:00
58;11019;02/06/2014;12:00:00
59;11020;02/06/2014;12:00:00
60;11021;02/06/2014;12:00:00
61;11022;02/06/2014;12:00:00
62;11023;02/06/2014;12:00:00
63;11024;02/06/2014;12:00:00
64;11025;02/06/2014;12:00:00
65;11026;02/06/2014;12:00:00
66;11027;02/06/2014;12:00:00
67;11028;02/06/2014;12:00:00
68;11029;02/06/2014;12:00:00
69;11004;02/06/2014;12:01:00
70;11004;02/06/2014;12:59:00
71;11000;02/06/2014;13:00:00
72;11001;02/06/2014;13:00:00
73;11002;02/06/2014;13:00:00
74;11003;02/06/2014;13:00:00
75;11005;02/06/2014;13:00:00
76;11006;02/06/2014;13:00:00
77;11007;02/06/2014;13:00:00
78;11008;02/06/2014;13:00:00
79;11009;02/06/2014;13:00:00
80;11010;02/06/2014;13:00:00
81;11011;02/06/2014;13:00:00
82;11012;02/06/2014;13:00:00
83;11013;02/06/2014;13:00:00
84;11014;02/06/2014;13:00:00
86;11016;02/06/2014;13:00:00
87;11017;02/06/2014;13:00:00
88;11018;02/06/2014;13:00:00
89;11019;02/06/2014;13:00:00
90;11020;02/06/2014;13:00:00
91;11021;02/06/2014;13:00:00
92;11022;02/06/2014;13:00:00
93;11023;02/06/2014;13:00:00
94;11024;02/06/2014;13:00:00
95;11025;02/06/2014;13:00:00
96;11026;02/06/2014;13:00:00
97;11027;02/06/2014;13:00:00
98;11028;02/06/2014;13:00:00
99;11029;02/06/2014;13:00:00
100;11000;02/06/2014;17:00:00
101;11001;02/06/2014;17:00:00
102;11002;02/06/2014;17:00:00
103;11003;02/06/2014;17:00:00
104;11004;02/06/2014;17:00:00
105;11005;02/06/2014;17:00:00
106;11006;02/06/2014;17:00:00
107;11007;02/06/2014;17:00:00
108;11008;02/06/2014;17:00:00
109;11009;02/06/2014;17:00:00
110;11010;02/06/2014;17:00:00
111;11011;02/06/2014;17:00:00
112;11012;02/06/2014;17:00:00
113;11013;02/06/2014;17:00:00
114;11014;02/06/2014;17:00:00
116;11016;02/06/2014;17:00:00
117;11017;02/06/2014;17:00:00
118;11018;02/06/2014;17:00:00
119;11019;02/06/2014;17:00:00
120;11020;02/06/2014;17:00:00
121;11021;02/06/2014;17:00:00
122;11022;02/06/2014;17:00:00
123;11023;02/06/2014;17:00:00
124;11024;02/06/2014;17:00:00
125;11025;02/06/2014;17:00:00
126;11026;02/06/2014;17:00:00
127;11027;02/06/2014;17:00:00
128;11028;02/06/2014;17:00:00
129;11029;02/06/2014;17:00:00
130;11003;03/06/2014;07:59:00
131;11004;03/06/2014;07:59:00
132;11000;03/06/2014;08:00:00
133;11001;03/06/2014;08:00:00
134;11002;03/06/2014;08:00:00
135;11005;03/06/2014;08:00:00
136;11006;03/06/2014;08:00:00
137;11007;03/06/2014;08:00:00
138;11008;03/06/2014;08:00:00
139;11009;03/06/2014;08:00:00
140;11010;03/06/2014;08:00:00
141;11011;03/06/2014;08:00:00
142;11012;03/06/2014;08:00:00
143;11013;03/06/2014;08:00:00
144;11014;03/06/2014;08:00:00
146;11016;03/06/2014;08:00:00
147;11017;03/06/2014;08:00:00
148;11018;03/06/2014;08:00:00
149;11019;03/06/2014;08:00:00
150;11020;03/06/2014;08:00:00
151;11021;03/06/2014;08:00:00
152;11022;03/06/2014;08:00:00
153;11023;03/06/2014;08:00:00
154;11024;03/06/2014;08:00:00
155;11025;03/06/2014;08:00:00
156;11026;03/06/2014;08:00:00
157;11027;03/06/2014;08:00:00
158;11028;03/06/2014;08:00:00
159;11029;03/06/2014;08:00:00
160;11003;03/06/2014;11:59:00
161;11004;03/06/2014;11:59:00
162;11000;03/06/2014;12:00:00
163;11001;03/06/2014;12:00:00
164;11002;03/06/2014;12:00:00
165;11005;03/06/2014;12:00:00
166;11006;03/06/2014;12:00:00
167;11007;03/06/2014;12:00:00
168;11008;03/06/2014;12:00:00
169;11009;03/06/2014;12:00:00
170;11010;03/06/2014;12:00:00
171;11011;03/06/2014;12:00:00
172;11012;03/06/2014;12:00:00
173;11013;03/06/2014;12:00:00
174;11014;03/06/2014;12:00:00
176;11016;03/06/2014;12:00:00
177;11017;03/06/2014;12:00:00
178;11018;03/06/2014;12:00:00
179;11019;03/06/2014;12:00:00
180;11020;03/06/2014;12:00:00
181;11021;03/06/2014;12:00:00
182;11022;03/06/2014;12:00:00
183;11023;03/06/2014;12:00:00
184;11024;03/06/2014;12:00:00
185;11025;03/06/2014;12:00:00
186;11026;03/06/2014;12:00:00
187;11027;03/06/2014;12:00:00
188;11028;03/06/2014;12:00:00
189;11029;03/06/2014;12:00:00
190;11000;03/06/2014;13:00:00
191;11001;03/06/2014;13:00:00
192;11002;03/06/2014;13:00:00
193;11005;03/06/2014;13:00:00
194;11006;03/06/2014;13:00:00
195;11007;03/06/2014;13:00:00
196;11008;03/06/2014;13:00:00
197;11009;03/06/2014;13:00:00
198;11010;03/06/2014;13:00:00
199;11011;03/06/2014;13:00:00
200;11012;03/06/2014;13:00:00
201;11013;03/06/2014;13:00:00
202;11014;03/06/2014;13:00:00
204;11016;03/06/2014;13:00:00
205;11017;03/06/2014;13:00:00
206;11018;03/06/2014;13:00:00
207;11019;03/06/2014;13:00:00
208;11020;03/06/2014;13:00:00
209;11021;03/06/2014;13:00:00
210;11022;03/06/2014;13:00:00
211;11023;03/06/2014;13:00:00
212;11024;03/06/2014;13:00:00
213;11025;03/06/2014;13:00:00
214;11026;03/06/2014;13:00:00
215;11027;03/06/2014;13:00:00
216;11028;03/06/2014;13:00:00
217;11029;03/06/2014;13:00:00
218;11003;03/06/2014;13:01:00
219;11004;03/06/2014;13:01:00
220;11000;03/06/2014;17:00:00
221;11001;03/06/2014;17:00:00
223;11005;03/06/2014;17:00:00
224;11006;03/06/2014;17:00:00
225;11007;03/06/2014;17:00:00
226;11008;03/06/2014;17:00:00
227;11009;03/06/2014;17:00:00
228;11010;03/06/2014;17:00:00
229;11011;03/06/2014;17:00:00
230;11012;03/06/2014;17:00:00
231;11013;03/06/2014;17:00:00
232;11014;03/06/2014;17:00:00
233;11002;03/06/2014;17:00:00
234;11016;03/06/2014;17:00:00
235;11017;03/06/2014;17:00:00
236;11018;03/06/2014;17:00:00
237;11019;03/06/2014;17:00:00
238;11020;03/06/2014;17:00:00
239;11021;03/06/2014;17:00:00
240;11022;03/06/2014;17:00:00
241;11023;03/06/2014;17:00:00
242;11024;03/06/2014;17:00:00
243;11025;03/06/2014;17:00:00
244;11026;03/06/2014;17:00:00
245;11027;03/06/2014;17:00:00
246;11028;03/06/2014;17:00:00
247;11029;03/06/2014;17:00:00
248;11003;03/06/2014;17:01:00
249;11004;03/06/2014;17:01:00
250;11000;04/06/2014;08:00:00
251;11001;04/06/2014;08:00:00
252;11005;04/06/2014;08:00:00
253;11006;04/06/2014;08:00:00
254;11007;04/06/2014;08:00:00
255;11008;04/06/2014;08:00:00
256;11009;04/06/2014;08:00:00
257;11010;04/06/2014;08:00:00
258;11019;04/06/2014;08:00:00
259;11020;04/06/2014;08:00:00
260;11021;04/06/2014;08:00:00
261;11022;04/06/2014;08:00:00
262;11023;04/06/2014;08:00:00
263;11024;04/06/2014;08:00:00
264;11025;04/06/2014;08:00:00
265;11026;04/06/2014;08:00:00
266;11027;04/06/2014;08:00:00
267;11028;04/06/2014;08:00:00
268;11029;04/06/2014;08:00:00
269;11002;04/06/2014;08:01:00
270;11003;04/06/2014;08:01:00
271;11004;04/06/2014;08:01:00
272;11011;04/06/2014;08:01:00
274;11016;04/06/2014;08:01:00
275;11017;04/06/2014;08:01:00
276;11018;04/06/2014;08:01:00
277;11012;04/06/2014;08:11:00
278;11013;04/06/2014;08:11:00
279;11014;04/06/2014;08:11:00
280;11000;04/06/2014;12:00:00
281;11001;04/06/2014;12:00:00
282;11005;04/06/2014;12:00:00
283;11006;04/06/2014;12:00:00
284;11007;04/06/2014;12:00:00
285;11008;04/06/2014;12:00:00
286;11009;04/06/2014;12:00:00
287;11010;04/06/2014;12:00:00
288;11012;04/06/2014;12:00:00
289;11013;04/06/2014;12:00:00
290;11014;04/06/2014;12:00:00
291;11019;04/06/2014;12:00:00
292;11020;04/06/2014;12:00:00
293;11021;04/06/2014;12:00:00
294;11022;04/06/2014;12:00:00
295;11023;04/06/2014;12:00:00
296;11024;04/06/2014;12:00:00
297;11025;04/06/2014;12:00:00
298;11026;04/06/2014;12:00:00
299;11027;04/06/2014;12:00:00
300;11028;04/06/2014;12:00:00
301;11029;04/06/2014;12:00:00
302;11002;04/06/2014;12:01:00
303;11003;04/06/2014;12:01:00
304;11004;04/06/2014;12:01:00
305;11011;04/06/2014;12:01:00
307;11016;04/06/2014;12:01:00
308;11017;04/06/2014;12:01:00
309;11018;04/06/2014;12:01:00
310;11000;04/06/2014;13:00:00
311;11001;04/06/2014;13:00:00
312;11005;04/06/2014;13:00:00
313;11006;04/06/2014;13:00:00
314;11007;04/06/2014;13:00:00
315;11008;04/06/2014;13:00:00
316;11009;04/06/2014;13:00:00
317;11010;04/06/2014;13:00:00
318;11012;04/06/2014;13:00:00
319;11013;04/06/2014;13:00:00
320;11014;04/06/2014;13:00:00
321;11019;04/06/2014;13:00:00
322;11020;04/06/2014;13:00:00
323;11021;04/06/2014;13:00:00
324;11022;04/06/2014;13:00:00
325;11023;04/06/2014;13:00:00
326;11024;04/06/2014;13:00:00
327;11025;04/06/2014;13:00:00
328;11026;04/06/2014;13:00:00
329;11027;04/06/2014;13:00:00
330;11028;04/06/2014;13:00:00
331;11029;04/06/2014;13:00:00
332;11002;04/06/2014;13:01:00
333;11003;04/06/2014;13:01:00
334;11004;04/06/2014;13:01:00
335;11011;04/06/2014;13:01:00
337;11016;04/06/2014;13:01:00
338;11017;04/06/2014;13:01:00
339;11018;04/06/2014;13:01:00
340;11012;04/06/2014;16:50:00
341;11013;04/06/2014;16:50:00
342;11014;04/06/2014;16:50:00
343;11000;04/06/2014;17:00:00
344;11001;04/06/2014;17:00:00
345;11005;04/06/2014;17:00:00
346;11006;04/06/2014;17:00:00
347;11007;04/06/2014;17:00:00
348;11008;04/06/2014;17:00:00
349;11009;04/06/2014;17:00:00
350;11010;04/06/2014;17:00:00
351;11019;04/06/2014;17:00:00
352;11020;04/06/2014;17:00:00
353;11021;04/06/2014;17:00:00
354;11022;04/06/2014;17:00:00
355;11023;04/06/2014;17:00:00
356;11024;04/06/2014;17:00:00
357;11025;04/06/2014;17:00:00
358;11026;04/06/2014;17:00:00
359;11027;04/06/2014;17:00:00
360;11028;04/06/2014;17:00:00
361;11029;04/06/2014;17:00:00
362;11002;04/06/2014;17:01:00
363;11003;04/06/2014;17:01:00
364;11004;04/06/2014;17:01:00
365;11011;04/06/2014;17:01:00
367;11016;04/06/2014;17:01:00
368;11017;04/06/2014;17:01:00
369;11018;04/06/2014;17:01:00
370;11001;05/06/2014;07:59:00
371;11002;05/06/2014;07:59:00
372;11003;05/06/2014;07:59:00
373;11004;05/06/2014;07:59:00
374;11005;05/06/2014;07:59:00
375;11006;05/06/2014;07:59:00
376;11007;05/06/2014;07:59:00
377;11008;05/06/2014;07:59:00
378;11009;05/06/2014;07:59:00
379;11010;05/06/2014;07:59:00
380;11011;05/06/2014;07:59:00
381;11012;05/06/2014;07:59:00
382;11013;05/06/2014;07:59:00
383;11014;05/06/2014;07:59:00
385;11016;05/06/2014;07:59:00
386;11017;05/06/2014;07:59:00
387;11018;05/06/2014;07:59:00
388;11019;05/06/2014;07:59:00
389;11020;05/06/2014;07:59:00
390;11021;05/06/2014;07:59:00
391;11022;05/06/2014;07:59:00
392;11023;05/06/2014;07:59:00
393;11024;05/06/2014;07:59:00
394;11025;05/06/2014;07:59:00
395;11026;05/06/2014;07:59:00
396;11027;05/06/2014;07:59:00
397;11028;05/06/2014;07:59:00
398;11029;05/06/2014;07:59:00
399;11000;05/06/2014;08:00:00
400;11001;05/06/2014;11:59:00
401;11002;05/06/2014;11:59:00
402;11003;05/06/2014;11:59:00
403;11004;05/06/2014;11:59:00
404;11005;05/06/2014;11:59:00
405;11006;05/06/2014;11:59:00
406;11007;05/06/2014;11:59:00
407;11008;05/06/2014;11:59:00
408;11009;05/06/2014;11:59:00
409;11010;05/06/2014;11:59:00
410;11011;05/06/2014;11:59:00
411;11012;05/06/2014;11:59:00
412;11013;05/06/2014;11:59:00
413;11014;05/06/2014;11:59:00
415;11016;05/06/2014;11:59:00
416;11017;05/06/2014;11:59:00
417;11018;05/06/2014;11:59:00
418;11019;05/06/2014;11:59:00
419;11020;05/06/2014;11:59:00
420;11021;05/06/2014;11:59:00
421;11022;05/06/2014;11:59:00
422;11023;05/06/2014;11:59:00
423;11025;05/06/2014;11:59:00
424;11026;05/06/2014;11:59:00
425;11027;05/06/2014;11:59:00
426;11028;05/06/2014;11:59:00
427;11029;05/06/2014;11:59:00
428;11000;05/06/2014;12:00:00
429;11001;05/06/2014;12:59:00
430;11002;05/06/2014;12:59:00
431;11003;05/06/2014;12:59:00
432;11004;05/06/2014;12:59:00
433;11005;05/06/2014;12:59:00
434;11006;05/06/2014;12:59:00
435;11007;05/06/2014;12:59:00
436;11008;05/06/2014;12:59:00
437;11009;05/06/2014;12:59:00
438;11010;05/06/2014;12:59:00
439;11011;05/06/2014;12:59:00
440;11012;05/06/2014;12:59:00
441;11013;05/06/2014;12:59:00
442;11014;05/06/2014;12:59:00
443;11015;05/06/2014;12:59:00
444;11016;05/06/2014;12:59:00
445;11017;05/06/2014;12:59:00
446;11018;05/06/2014;12:59:00
447;11019;05/06/2014;12:59:00
448;11020;05/06/2014;12:59:00
449;11021;05/06/2014;12:59:00
450;11022;05/06/2014;12:59:00
451;11023;05/06/2014;12:59:00
452;11025;05/06/2014;12:59:00
453;11026;05/06/2014;12:59:00
454;11027;05/06/2014;12:59:00
455;11028;05/06/2014;12:59:00
456;11029;05/06/2014;12:59:00
457;11000;05/06/2014;13:00:00
458;11001;05/06/2014;16:59:00
459;11002;05/06/2014;16:59:00
460;11003;05/06/2014;16:59:00
461;11004;05/06/2014;16:59:00
462;11005;05/06/2014;16:59:00
463;11006;05/06/2014;16:59:00
464;11007;05/06/2014;16:59:00
465;11008;05/06/2014;16:59:00
466;11009;05/06/2014;16:59:00
467;11010;05/06/2014;16:59:00
468;11011;05/06/2014;16:59:00
469;11012;05/06/2014;16:59:00
470;11013;05/06/2014;16:59:00
471;11014;05/06/2014;16:59:00
472;11015;05/06/2014;16:59:00
473;11016;05/06/2014;16:59:00
474;11017;05/06/2014;16:59:00
475;11018;05/06/2014;16:59:00
476;11019;05/06/2014;16:59:00
477;11020;05/06/2014;16:59:00
478;11021;05/06/2014;16:59:00
479;11022;05/06/2014;16:59:00
480;11023;05/06/2014;16:59:00
481;11025;05/06/2014;16:59:00
482;11026;05/06/2014;16:59:00
483;11027;05/06/2014;16:59:00
484;11028;05/06/2014;16:59:00
485;11029;05/06/2014;16:59:00
486;11000;05/06/2014;17:00:00
487;11000;06/06/2014;08:00:00
488;11001;06/06/2014;08:00:00
489;11002;06/06/2014;08:00:00
490;11003;06/06/2014;08:00:00
491;11004;06/06/2014;08:00:00
492;11005;06/06/2014;08:00:00
493;11006;06/06/2014;08:00:00
494;11007;06/06/2014;08:00:00
495;11008;06/06/2014;08:00:00
496;11009;06/06/2014;08:00:00
497;11010;06/06/2014;08:00:00
498;11011;06/06/2014;08:00:00
499;11012;06/06/2014;08:00:00
500;11013;06/06/2014;08:00:00
501;11014;06/06/2014;08:00:00
502;11015;06/06/2014;08:00:00
503;11016;06/06/2014;08:00:00
504;11017;06/06/2014;08:00:00
505;11018;06/06/2014;08:00:00
506;11019;06/06/2014;08:00:00
507;11020;06/06/2014;08:00:00
508;11021;06/06/2014;08:00:00
509;11022;06/06/2014;08:00:00
510;11023;06/06/2014;08:00:00
511;11024;06/06/2014;08:00:00
512;11025;06/06/2014;08:00:00
513;11026;06/06/2014;08:00:00
514;11027;06/06/2014;08:00:00
515;11028;06/06/2014;08:00:00
516;11029;06/06/2014;08:00:00
517;11011;06/06/2014;09:00:00
518;11011;06/06/2014;10:00:00
519;11000;06/06/2014;12:00:00
520;11001;06/06/2014;12:00:00
521;11002;06/06/2014;12:00:00
522;11003;06/06/2014;12:00:00
523;11004;06/06/2014;12:00:00
524;11005;06/06/2014;12:00:00
525;11006;06/06/2014;12:00:00
526;11007;06/06/2014;12:00:00
527;11008;06/06/2014;12:00:00
528;11009;06/06/2014;12:00:00
529;11010;06/06/2014;12:00:00
530;11011;06/06/2014;12:00:00
531;11012;06/06/2014;12:00:00
532;11013;06/06/2014;12:00:00
533;11014;06/06/2014;12:00:00
534;11015;06/06/2014;12:00:00
535;11016;06/06/2014;12:00:00
536;11017;06/06/2014;12:00:00
537;11018;06/06/2014;12:00:00
538;11019;06/06/2014;12:00:00
539;11020;06/06/2014;12:00:00
540;11021;06/06/2014;12:00:00
541;11022;06/06/2014;12:00:00
542;11023;06/06/2014;12:00:00
543;11024;06/06/2014;12:00:00
544;11025;06/06/2014;12:00:00
545;11026;06/06/2014;12:00:00
546;11027;06/06/2014;12:00:00
547;11028;06/06/2014;12:00:00
548;11029;06/06/2014;12:00:00
549;11000;06/06/2014;13:00:00
550;11001;06/06/2014;13:00:00
551;11002;06/06/2014;13:00:00
552;11003;06/06/2014;13:00:00
553;11004;06/06/2014;13:00:00
554;11005;06/06/2014;13:00:00
555;11006;06/06/2014;13:00:00
556;11007;06/06/2014;13:00:00
557;11008;06/06/2014;13:00:00
558;11009;06/06/2014;13:00:00
559;11010;06/06/2014;13:00:00
560;11011;06/06/2014;13:00:00
561;11012;06/06/2014;13:00:00
562;11013;06/06/2014;13:00:00
563;11014;06/06/2014;13:00:00
564;11015;06/06/2014;13:00:00
565;11016;06/06/2014;13:00:00
566;11017;06/06/2014;13:00:00
567;11018;06/06/2014;13:00:00
568;11019;06/06/2014;13:00:00
569;11020;06/06/2014;13:00:00
570;11021;06/06/2014;13:00:00
571;11022;06/06/2014;13:00:00
572;11023;06/06/2014;13:00:00
573;11024;06/06/2014;13:00:00
574;11025;06/06/2014;13:00:00
575;11026;06/06/2014;13:00:00
576;11027;06/06/2014;13:00:00
577;11028;06/06/2014;13:00:00
578;11029;06/06/2014;13:00:00
579;11000;06/06/2014;17:00:00
580;11001;06/06/2014;17:00:00
581;11002;06/06/2014;17:00:00
582;11003;06/06/2014;17:00:00
583;11004;06/06/2014;17:00:00
584;11005;06/06/2014;17:00:00
585;11006;06/06/2014;17:00:00
586;11007;06/06/2014;17:00:00
587;11008;06/06/2014;17:00:00
588;11009;06/06/2014;17:00:00
589;11010;06/06/2014;17:00:00
590;11011;06/06/2014;17:00:00
591;11012;06/06/2014;17:00:00
592;11013;06/06/2014;17:00:00
593;11014;06/06/2014;17:00:00
594;11015;06/06/2014;17:00:00
595;11016;06/06/2014;17:00:00
596;11017;06/06/2014;17:00:00
597;11018;06/06/2014;17:00:00
598;11019;06/06/2014;17:00:00
599;11020;06/06/2014;17:00:00
600;11021;06/06/2014;17:00:00
601;11022;06/06/2014;17:00:00
602;11023;06/06/2014;17:00:00
603;11024;06/06/2014;17:00:00
604;11025;06/06/2014;17:00:00
605;11026;06/06/2014;17:00:00
606;11027;06/06/2014;17:00:00
607;11028;06/06/2014;17:00:00
608;11029;06/06/2014;17:00:00
609;11011;06/06/2014;18:00:00
610;11011;06/06/2014;19:00:00
611;11025;07/06/2014;05:00:00
612;11025;07/06/2014;07:59:00
613;11018;07/06/2014;08:00:00
614;11026;07/06/2014;08:00:00
615;11026;07/06/2014;08:04:00
616;11018;07/06/2014;12:00:00
617;11018;07/06/2014;13:00:00
618;11018;07/06/2014;17:00:00
619;11004;07/06/2014;20:00:00
620;11004;07/06/2014;22:00:00
621;11011;07/06/2014;23:00:00
622;11011;08/06/2014;01:00:00
623;11019;08/06/2014;12:00:00
624;11018;08/06/2014;13:00:00
625;11019;08/06/2014;15:00:00
626;11019;08/06/2014;16:00:00
627;11018;08/06/2014;18:00:00
628;11000;09/06/2014;08:00:00
629;11001;09/06/2014;08:00:00
630;11002;09/06/2014;08:00:00
631;11003;09/06/2014;08:00:00
632;11004;09/06/2014;08:00:00
633;11006;09/06/2014;08:00:00
634;11007;09/06/2014;08:00:00
635;11008;09/06/2014;08:00:00
636;11009;09/06/2014;08:00:00
637;11010;09/06/2014;08:00:00
638;11011;09/06/2014;08:00:00
639;11012;09/06/2014;08:00:00
640;11013;09/06/2014;08:00:00
641;11014;09/06/2014;08:00:00
642;11015;09/06/2014;08:00:00
643;11016;09/06/2014;08:00:00
644;11017;09/06/2014;08:00:00
645;11018;09/06/2014;08:00:00
646;11019;09/06/2014;08:00:00
647;11020;09/06/2014;08:00:00
648;11021;09/06/2014;08:00:00
649;11022;09/06/2014;08:00:00
650;11023;09/06/2014;08:00:00
651;11024;09/06/2014;08:00:00
652;11025;09/06/2014;08:00:00
653;11026;09/06/2014;08:00:00
654;11027;09/06/2014;08:00:00
655;11028;09/06/2014;08:00:00
656;11029;09/06/2014;08:00:00
657;11005;09/06/2014;08:06:00
658;11000;09/06/2014;12:00:00
659;11001;09/06/2014;12:00:00
660;11002;09/06/2014;12:00:00
661;11003;09/06/2014;12:00:00
662;11004;09/06/2014;12:00:00
663;11006;09/06/2014;12:00:00
664;11007;09/06/2014;12:00:00
665;11008;09/06/2014;12:00:00
666;11009;09/06/2014;12:00:00
667;11010;09/06/2014;12:00:00
668;11011;09/06/2014;12:00:00
669;11012;09/06/2014;12:00:00
670;11013;09/06/2014;12:00:00
671;11014;09/06/2014;12:00:00
672;11015;09/06/2014;12:00:00
673;11016;09/06/2014;12:00:00
674;11017;09/06/2014;12:00:00
675;11018;09/06/2014;12:00:00
676;11019;09/06/2014;12:00:00
677;11020;09/06/2014;12:00:00
678;11021;09/06/2014;12:00:00
679;11022;09/06/2014;12:00:00
680;11023;09/06/2014;12:00:00
681;11024;09/06/2014;12:00:00
682;11025;09/06/2014;12:00:00
683;11026;09/06/2014;12:00:00
684;11027;09/06/2014;12:00:00
685;11028;09/06/2014;12:00:00
686;11029;09/06/2014;12:00:00
687;11005;09/06/2014;12:06:00
688;11000;09/06/2014;13:00:00
689;11001;09/06/2014;13:00:00
690;11002;09/06/2014;13:00:00
691;11003;09/06/2014;13:00:00
692;11004;09/06/2014;13:00:00
693;11006;09/06/2014;13:00:00
694;11007;09/06/2014;13:00:00
695;11008;09/06/2014;13:00:00
696;11009;09/06/2014;13:00:00
697;11010;09/06/2014;13:00:00
698;11011;09/06/2014;13:00:00
699;11012;09/06/2014;13:00:00
700;11013;09/06/2014;13:00:00
701;11014;09/06/2014;13:00:00
702;11015;09/06/2014;13:00:00
703;11016;09/06/2014;13:00:00
704;11017;09/06/2014;13:00:00
705;11018;09/06/2014;13:00:00
706;11019;09/06/2014;13:00:00
707;11020;09/06/2014;13:00:00
708;11021;09/06/2014;13:00:00
709;11022;09/06/2014;13:00:00
710;11023;09/06/2014;13:00:00
711;11024;09/06/2014;13:00:00
712;11025;09/06/2014;13:00:00
713;11026;09/06/2014;13:00:00
714;11027;09/06/2014;13:00:00
715;11028;09/06/2014;13:00:00
716;11029;09/06/2014;13:00:00
717;11005;09/06/2014;13:06:00
718;11000;09/06/2014;17:00:00
719;11001;09/06/2014;17:00:00
720;11002;09/06/2014;17:00:00
721;11003;09/06/2014;17:00:00
722;11004;09/06/2014;17:00:00
723;11006;09/06/2014;17:00:00
724;11007;09/06/2014;17:00:00
725;11008;09/06/2014;17:00:00
726;11009;09/06/2014;17:00:00
727;11010;09/06/2014;17:00:00
728;11011;09/06/2014;17:00:00
729;11012;09/06/2014;17:00:00
730;11013;09/06/2014;17:00:00
731;11014;09/06/2014;17:00:00
732;11015;09/06/2014;17:00:00
733;11016;09/06/2014;17:00:00
734;11017;09/06/2014;17:00:00
735;11018;09/06/2014;17:00:00
736;11019;09/06/2014;17:00:00
737;11020;09/06/2014;17:00:00
738;11021;09/06/2014;17:00:00
739;11022;09/06/2014;17:00:00
740;11023;09/06/2014;17:00:00
741;11024;09/06/2014;17:00:00
742;11025;09/06/2014;17:00:00
743;11026;09/06/2014;17:00:00
744;11027;09/06/2014;17:00:00
745;11028;09/06/2014;17:00:00
746;11029;09/06/2014;17:00:00
747;11005;09/06/2014;17:06:00
748;11000;10/06/2014;08:00:00
749;11001;10/06/2014;08:00:00
750;11002;10/06/2014;08:00:00
751;11003;10/06/2014;08:00:00
752;11004;10/06/2014;08:00:00
753;11005;10/06/2014;08:00:00
754;11006;10/06/2014;08:00:00
755;11008;10/06/2014;08:00:00
756;11009;10/06/2014;08:00:00
757;11010;10/06/2014;08:00:00
758;11011;10/06/2014;08:00:00
759;11012;10/06/2014;08:00:00
760;11014;10/06/2014;08:00:00
761;11015;10/06/2014;08:00:00
762;11016;10/06/2014;08:00:00
763;11017;10/06/2014;08:00:00
764;11018;10/06/2014;08:00:00
765;11019;10/06/2014;08:00:00
766;11020;10/06/2014;08:00:00
767;11021;10/06/2014;08:00:00
768;11022;10/06/2014;08:00:00
769;11023;10/06/2014;08:00:00
770;11024;10/06/2014;08:00:00
771;11025;10/06/2014;08:00:00
772;11026;10/06/2014;08:00:00
773;11027;10/06/2014;08:00:00
774;11028;10/06/2014;08:00:00
775;11029;10/06/2014;08:00:00
776;11007;10/06/2014;08:10:00
777;11013;10/06/2014;08:10:00
778;11015;10/06/2014;11:50:00
779;11000;10/06/2014;12:00:00
780;11001;10/06/2014;12:00:00
781;11002;10/06/2014;12:00:00
782;11003;10/06/2014;12:00:00
783;11004;10/06/2014;12:00:00
784;11006;10/06/2014;12:00:00
785;11007;10/06/2014;12:00:00
786;11008;10/06/2014;12:00:00
787;11009;10/06/2014;12:00:00
788;11010;10/06/2014;12:00:00
789;11011;10/06/2014;12:00:00
790;11012;10/06/2014;12:00:00
791;11013;10/06/2014;12:00:00
792;11014;10/06/2014;12:00:00
793;11016;10/06/2014;12:00:00
794;11017;10/06/2014;12:00:00
795;11018;10/06/2014;12:00:00
796;11019;10/06/2014;12:00:00
797;11020;10/06/2014;12:00:00
798;11021;10/06/2014;12:00:00
799;11022;10/06/2014;12:00:00
800;11023;10/06/2014;12:00:00
801;11024;10/06/2014;12:00:00
802;11025;10/06/2014;12:00:00
803;11026;10/06/2014;12:00:00
804;11027;10/06/2014;12:00:00
805;11028;10/06/2014;12:00:00
806;11029;10/06/2014;12:00:00
807;11005;10/06/2014;12:01:00
808;11000;10/06/2014;13:00:00
809;11001;10/06/2014;13:00:00
810;11002;10/06/2014;13:00:00
811;11003;10/06/2014;13:00:00
812;11004;10/06/2014;13:00:00
813;11005;10/06/2014;13:00:00
814;11006;10/06/2014;13:00:00
815;11007;10/06/2014;13:00:00
816;11008;10/06/2014;13:00:00
817;11009;10/06/2014;13:00:00
818;11010;10/06/2014;13:00:00
819;11011;10/06/2014;13:00:00
820;11012;10/06/2014;13:00:00
821;11013;10/06/2014;13:00:00
822;11014;10/06/2014;13:00:00
823;11016;10/06/2014;13:00:00
824;11017;10/06/2014;13:00:00
825;11018;10/06/2014;13:00:00
826;11019;10/06/2014;13:00:00
827;11020;10/06/2014;13:00:00
828;11021;10/06/2014;13:00:00
829;11022;10/06/2014;13:00:00
830;11023;10/06/2014;13:00:00
831;11024;10/06/2014;13:00:00
832;11025;10/06/2014;13:00:00
833;11026;10/06/2014;13:00:00
834;11027;10/06/2014;13:00:00
835;11028;10/06/2014;13:00:00
836;11029;10/06/2014;13:00:00
837;11015;10/06/2014;13:11:00
838;11013;10/06/2014;16:49:00
839;11007;10/06/2014;16:50:00
840;11000;10/06/2014;17:00:00
841;11001;10/06/2014;17:00:00
842;11002;10/06/2014;17:00:00
843;11003;10/06/2014;17:00:00
844;11004;10/06/2014;17:00:00
845;11005;10/06/2014;17:00:00
846;11006;10/06/2014;17:00:00
847;11008;10/06/2014;17:00:00
848;11009;10/06/2014;17:00:00
849;11010;10/06/2014;17:00:00
850;11011;10/06/2014;17:00:00
851;11012;10/06/2014;17:00:00
852;11014;10/06/2014;17:00:00
853;11015;10/06/2014;17:00:00
854;11016;10/06/2014;17:00:00
855;11017;10/06/2014;17:00:00
856;11018;10/06/2014;17:00:00
857;11019;10/06/2014;17:00:00
858;11020;10/06/2014;17:00:00
859;11021;10/06/2014;17:00:00
860;11022;10/06/2014;17:00:00
861;11023;10/06/2014;17:00:00
862;11024;10/06/2014;17:00:00
863;11025;10/06/2014;17:00:00
864;11026;10/06/2014;17:00:00
865;11027;10/06/2014;17:00:00
866;11028;10/06/2014;17:00:00
867;11029;10/06/2014;17:00:00
868;11000;11/06/2014;08:00:00
869;11001;11/06/2014;08:00:00
870;11002;11/06/2014;08:00:00
871;11003;11/06/2014;08:00:00
872;11004;11/06/2014;08:00:00
873;11005;11/06/2014;08:00:00
874;11006;11/06/2014;08:00:00
875;11007;11/06/2014;08:00:00
876;11008;11/06/2014;08:00:00
877;11009;11/06/2014;08:00:00
878;11010;11/06/2014;08:00:00
879;11011;11/06/2014;08:00:00
880;11012;11/06/2014;08:00:00
881;11013;11/06/2014;08:00:00
882;11014;11/06/2014;08:00:00
883;11015;11/06/2014;08:00:00
884;11016;11/06/2014;08:00:00
885;11017;11/06/2014;08:00:00
886;11018;11/06/2014;08:00:00
887;11019;11/06/2014;08:00:00
888;11020;11/06/2014;08:00:00
889;11021;11/06/2014;08:00:00
890;11022;11/06/2014;08:00:00
891;11023;11/06/2014;08:00:00
892;11024;11/06/2014;08:00:00
893;11025;11/06/2014;08:00:00
894;11026;11/06/2014;08:00:00
895;11027;11/06/2014;08:00:00
896;11028;11/06/2014;08:00:00
897;11029;11/06/2014;08:00:00
898;11016;11/06/2014;11:49:00
899;11009;11/06/2014;11:50:00
900;11000;11/06/2014;12:00:00
901;11001;11/06/2014;12:00:00
902;11002;11/06/2014;12:00:00
903;11003;11/06/2014;12:00:00
904;11004;11/06/2014;12:00:00
905;11005;11/06/2014;12:00:00
906;11006;11/06/2014;12:00:00
907;11007;11/06/2014;12:00:00
908;11008;11/06/2014;12:00:00
909;11010;11/06/2014;12:00:00
910;11011;11/06/2014;12:00:00
911;11012;11/06/2014;12:00:00
912;11013;11/06/2014;12:00:00
913;11014;11/06/2014;12:00:00
914;11015;11/06/2014;12:00:00
915;11017;11/06/2014;12:00:00
916;11018;11/06/2014;12:00:00
917;11019;11/06/2014;12:00:00
918;11020;11/06/2014;12:00:00
919;11021;11/06/2014;12:00:00
920;11023;11/06/2014;12:00:00
921;11024;11/06/2014;12:00:00
922;11025;11/06/2014;12:00:00
923;11026;11/06/2014;12:00:00
924;11027;11/06/2014;12:00:00
925;11028;11/06/2014;12:00:00
926;11029;11/06/2014;12:00:00
927;11009;11/06/2014;12:10:00
928;11000;11/06/2014;13:00:00
929;11001;11/06/2014;13:00:00
930;11002;11/06/2014;13:00:00
931;11003;11/06/2014;13:00:00
932;11004;11/06/2014;13:00:00
933;11005;11/06/2014;13:00:00
934;11006;11/06/2014;13:00:00
935;11007;11/06/2014;13:00:00
936;11008;11/06/2014;13:00:00
937;11010;11/06/2014;13:00:00
938;11011;11/06/2014;13:00:00
939;11012;11/06/2014;13:00:00
940;11013;11/06/2014;13:00:00
941;11014;11/06/2014;13:00:00
942;11015;11/06/2014;13:00:00
943;11017;11/06/2014;13:00:00
944;11018;11/06/2014;13:00:00
945;11019;11/06/2014;13:00:00
946;11020;11/06/2014;13:00:00
947;11021;11/06/2014;13:00:00
948;11023;11/06/2014;13:00:00
949;11024;11/06/2014;13:00:00
950;11025;11/06/2014;13:00:00
951;11026;11/06/2014;13:00:00
952;11027;11/06/2014;13:00:00
953;11028;11/06/2014;13:00:00
954;11029;11/06/2014;13:00:00
955;11016;11/06/2014;13:10:00
956;11000;11/06/2014;17:00:00
957;11001;11/06/2014;17:00:00
958;11002;11/06/2014;17:00:00
959;11003;11/06/2014;17:00:00
960;11004;11/06/2014;17:00:00
961;11005;11/06/2014;17:00:00
962;11006;11/06/2014;17:00:00
963;11007;11/06/2014;17:00:00
964;11008;11/06/2014;17:00:00
965;11009;11/06/2014;17:00:00
966;11010;11/06/2014;17:00:00
967;11011;11/06/2014;17:00:00
968;11012;11/06/2014;17:00:00
969;11013;11/06/2014;17:00:00
970;11014;11/06/2014;17:00:00
971;11015;11/06/2014;17:00:00
972;11016;11/06/2014;17:00:00
973;11017;11/06/2014;17:00:00
974;11018;11/06/2014;17:00:00
975;11019;11/06/2014;17:00:00
976;11020;11/06/2014;17:00:00
977;11021;11/06/2014;17:00:00
978;11022;11/06/2014;17:00:00
979;11023;11/06/2014;17:00:00
980;11024;11/06/2014;17:00:00
981;11025;11/06/2014;17:00:00
982;11026;11/06/2014;17:00:00
983;11027;11/06/2014;17:00:00
984;11028;11/06/2014;17:00:00
985;11029;11/06/2014;17:00:00
986;11025;12/06/2014;07:49:00
987;11027;12/06/2014;07:49:00
988;11026;12/06/2014;07:50:00
989;11000;12/06/2014;08:00:00
990;11001;12/06/2014;08:00:00
991;11002;12/06/2014;08:00:00
992;11003;12/06/2014;08:00:00
993;11004;12/06/2014;08:00:00
994;11005;12/06/2014;08:00:00
995;11006;12/06/2014;08:00:00
996;11007;12/06/2014;08:00:00
997;11008;12/06/2014;08:00:00
998;11009;12/06/2014;08:00:00
999;11010;12/06/2014;08:00:00
1000;11011;12/06/2014;08:00:00
1001;11012;12/06/2014;08:00:00
1002;11013;12/06/2014;08:00:00
1003;11014;12/06/2014;08:00:00
1004;11015;12/06/2014;08:00:00
1005;11016;12/06/2014;08:00:00
1006;11017;12/06/2014;08:00:00
1007;11018;12/06/2014;08:00:00
1008;11019;12/06/2014;08:00:00
1009;11020;12/06/2014;08:00:00
1010;11021;12/06/2014;08:00:00
1011;11022;12/06/2014;08:00:00
1012;11023;12/06/2014;08:00:00
1013;11024;12/06/2014;08:00:00
1014;11028;12/06/2014;08:00:00
1015;11029;12/06/2014;08:00:00
1016;11000;12/06/2014;12:00:00
1017;11001;12/06/2014;12:00:00
1018;11002;12/06/2014;12:00:00
1019;11003;12/06/2014;12:00:00
1020;11004;12/06/2014;12:00:00
1021;11005;12/06/2014;12:00:00
1022;11006;12/06/2014;12:00:00
1023;11007;12/06/2014;12:00:00
1024;11008;12/06/2014;12:00:00
1025;11009;12/06/2014;12:00:00
1026;11010;12/06/2014;12:00:00
1027;11011;12/06/2014;12:00:00
1028;11012;12/06/2014;12:00:00
1029;11013;12/06/2014;12:00:00
1030;11014;12/06/2014;12:00:00
1031;11015;12/06/2014;12:00:00
1032;11016;12/06/2014;12:00:00
1033;11017;12/06/2014;12:00:00
1034;11018;12/06/2014;12:00:00
1035;11019;12/06/2014;12:00:00
1036;11020;12/06/2014;12:00:00
1037;11021;12/06/2014;12:00:00
1038;11022;12/06/2014;12:00:00
1039;11023;12/06/2014;12:00:00
1040;11024;12/06/2014;12:00:00
1041;11025;12/06/2014;12:00:00
1042;11026;12/06/2014;12:00:00
1043;11027;12/06/2014;12:00:00
1044;11028;12/06/2014;12:00:00
1045;11029;12/06/2014;12:00:00
1046;11000;12/06/2014;13:00:00
1047;11001;12/06/2014;13:00:00
1048;11002;12/06/2014;13:00:00
1049;11003;12/06/2014;13:00:00
1050;11004;12/06/2014;13:00:00
1051;11005;12/06/2014;13:00:00
1052;11006;12/06/2014;13:00:00
1053;11007;12/06/2014;13:00:00
1054;11008;12/06/2014;13:00:00
1055;11009;12/06/2014;13:00:00
1056;11010;12/06/2014;13:00:00
1057;11011;12/06/2014;13:00:00
1058;11012;12/06/2014;13:00:00
1059;11013;12/06/2014;13:00:00
1060;11014;12/06/2014;13:00:00
1061;11015;12/06/2014;13:00:00
1062;11016;12/06/2014;13:00:00
1063;11017;12/06/2014;13:00:00
1064;11018;12/06/2014;13:00:00
1065;11019;12/06/2014;13:00:00
1066;11020;12/06/2014;13:00:00
1067;11021;12/06/2014;13:00:00
1068;11022;12/06/2014;13:00:00
1069;11023;12/06/2014;13:00:00
1070;11024;12/06/2014;13:00:00
1071;11025;12/06/2014;13:00:00
1072;11026;12/06/2014;13:00:00
1073;11027;12/06/2014;13:00:00
1074;11028;12/06/2014;13:00:00
1075;11029;12/06/2014;13:00:00
1076;11019;12/06/2014;15:00:00
1077;11019;12/06/2014;16:00:00
1078;11000;12/06/2014;17:00:00
1079;11001;12/06/2014;17:00:00
1080;11002;12/06/2014;17:00:00
1081;11003;12/06/2014;17:00:00
1082;11004;12/06/2014;17:00:00
1083;11005;12/06/2014;17:00:00
1084;11006;12/06/2014;17:00:00
1085;11007;12/06/2014;17:00:00
1086;11008;12/06/2014;17:00:00
1087;11009;12/06/2014;17:00:00
1088;11010;12/06/2014;17:00:00
1089;11011;12/06/2014;17:00:00
1090;11012;12/06/2014;17:00:00
1091;11013;12/06/2014;17:00:00
1092;11014;12/06/2014;17:00:00
1093;11015;12/06/2014;17:00:00
1094;11016;12/06/2014;17:00:00
1095;11017;12/06/2014;17:00:00
1096;11018;12/06/2014;17:00:00
1097;11019;12/06/2014;17:00:00
1098;11020;12/06/2014;17:00:00
1099;11021;12/06/2014;17:00:00
1100;11022;12/06/2014;17:00:00
1101;11023;12/06/2014;17:00:00
1102;11024;12/06/2014;17:00:00
1103;11028;12/06/2014;17:00:00
1104;11029;12/06/2014;17:00:00
1105;11025;12/06/2014;17:10:00
1106;11026;12/06/2014;17:11:00
1107;11027;12/06/2014;17:11:00
1108;11022;13/06/2014;03:59:00
1109;11006;13/06/2014;07:54:00
1110;11000;13/06/2014;08:00:00
1111;11001;13/06/2014;08:00:00
1112;11002;13/06/2014;08:00:00
1113;11003;13/06/2014;08:00:00
1114;11004;13/06/2014;08:00:00
1115;11005;13/06/2014;08:00:00
1116;11007;13/06/2014;08:00:00
1117;11008;13/06/2014;08:00:00
1118;11009;13/06/2014;08:00:00
1119;11010;13/06/2014;08:00:00
1120;11011;13/06/2014;08:00:00
1121;11012;13/06/2014;08:00:00
1122;11013;13/06/2014;08:00:00
1123;11015;13/06/2014;08:00:00
1124;11016;13/06/2014;08:00:00
1125;11017;13/06/2014;08:00:00
1126;11018;13/06/2014;08:00:00
1127;11019;13/06/2014;08:00:00
1128;11020;13/06/2014;08:00:00
1129;11021;13/06/2014;08:00:00
1130;11022;13/06/2014;08:00:00
1131;11023;13/06/2014;08:00:00
1132;11024;13/06/2014;08:00:00
1133;11025;13/06/2014;08:00:00
1134;11026;13/06/2014;08:00:00
1135;11027;13/06/2014;08:00:00
1136;11028;13/06/2014;08:00:00
1137;11029;13/06/2014;08:00:00
1138;11014;13/06/2014;08:11:00
1139;11022;13/06/2014;09:00:00
1140;11006;13/06/2014;11:54:00
1141;11000;13/06/2014;12:00:00
1142;11001;13/06/2014;12:00:00
1143;11002;13/06/2014;12:00:00
1144;11003;13/06/2014;12:00:00
1145;11004;13/06/2014;12:00:00
1146;11005;13/06/2014;12:00:00
1147;11007;13/06/2014;12:00:00
1148;11008;13/06/2014;12:00:00
1149;11009;13/06/2014;12:00:00
1150;11010;13/06/2014;12:00:00
1151;11011;13/06/2014;12:00:00
1152;11012;13/06/2014;12:00:00
1153;11013;13/06/2014;12:00:00
1154;11014;13/06/2014;12:00:00
1155;11015;13/06/2014;12:00:00
1156;11016;13/06/2014;12:00:00
1157;11017;13/06/2014;12:00:00
1158;11018;13/06/2014;12:00:00
1159;11019;13/06/2014;12:00:00
1160;11020;13/06/2014;12:00:00
1161;11021;13/06/2014;12:00:00
1162;11023;13/06/2014;12:00:00
1163;11024;13/06/2014;12:00:00
1164;11025;13/06/2014;12:00:00
1165;11026;13/06/2014;12:00:00
1166;11027;13/06/2014;12:00:00
1167;11028;13/06/2014;12:10:00
1168;11029;13/06/2014;12:11:00
1169;11028;13/06/2014;12:49:00
1170;11029;13/06/2014;12:50:00
1171;11006;13/06/2014;12:54:00
1172;11000;13/06/2014;13:00:00
1173;11001;13/06/2014;13:00:00
1174;11002;13/06/2014;13:00:00
1175;11003;13/06/2014;13:00:00
1176;11004;13/06/2014;13:00:00
1177;11005;13/06/2014;13:00:00
1178;11007;13/06/2014;13:00:00
1179;11008;13/06/2014;13:00:00
1180;11009;13/06/2014;13:00:00
1181;11010;13/06/2014;13:00:00
1182;11011;13/06/2014;13:00:00
1183;11012;13/06/2014;13:00:00
1184;11013;13/06/2014;13:00:00
1185;11014;13/06/2014;13:00:00
1186;11015;13/06/2014;13:00:00
1187;11016;13/06/2014;13:00:00
1188;11017;13/06/2014;13:00:00
1189;11018;13/06/2014;13:00:00
1190;11019;13/06/2014;13:00:00
1191;11020;13/06/2014;13:00:00
1192;11021;13/06/2014;13:00:00
1193;11022;13/06/2014;13:00:00
1194;11023;13/06/2014;13:00:00
1195;11024;13/06/2014;13:00:00
1196;11025;13/06/2014;13:00:00
1197;11026;13/06/2014;13:00:00
1198;11027;13/06/2014;13:00:00
1199;11014;13/06/2014;16:49:00
1200;11006;13/06/2014;16:54:00
1201;11000;13/06/2014;17:00:00
1202;11001;13/06/2014;17:00:00
1203;11002;13/06/2014;17:00:00
1204;11003;13/06/2014;17:00:00
1205;11004;13/06/2014;17:00:00
1206;11005;13/06/2014;17:00:00
1207;11007;13/06/2014;17:00:00
1208;11008;13/06/2014;17:00:00
1209;11009;13/06/2014;17:00:00
1210;11010;13/06/2014;17:00:00
1211;11011;13/06/2014;17:00:00
1212;11012;13/06/2014;17:00:00
1213;11013;13/06/2014;17:00:00
1214;11015;13/06/2014;17:00:00
1215;11016;13/06/2014;17:00:00
1216;11017;13/06/2014;17:00:00
1217;11018;13/06/2014;17:00:00
1218;11019;13/06/2014;17:00:00
1219;11020;13/06/2014;17:00:00
1220;11021;13/06/2014;17:00:00
1221;11023;13/06/2014;17:00:00
1222;11024;13/06/2014;17:00:00
1223;11025;13/06/2014;17:00:00
1224;11026;13/06/2014;17:00:00
1225;11027;13/06/2014;17:00:00
1226;11028;13/06/2014;17:00:00
1227;11029;13/06/2014;17:00:00
1228;11024;14/06/2014;02:00:00
1229;11024;14/06/2014;04:51:00
1230;11001;14/06/2014;09:00:00
1231;11001;14/06/2014;12:00:00
1232;11028;14/06/2014;16:45:00
1233;11028;14/06/2014;19:00:00
1234;11012;15/06/2014;10:00:00
1235;11012;15/06/2014;13:00:00
1236;11011;15/06/2014;14:00:00
1237;11000;16/06/2014;08:00:00
1238;11001;16/06/2014;08:00:00
1239;11002;16/06/2014;08:00:00
1240;11003;16/06/2014;08:00:00
1241;11004;16/06/2014;08:00:00
1242;11005;16/06/2014;08:00:00
1243;11006;16/06/2014;08:00:00
1244;11007;16/06/2014;08:00:00
1245;11008;16/06/2014;08:00:00
1246;11009;16/06/2014;08:00:00
1247;11010;16/06/2014;08:00:00
1248;11011;16/06/2014;08:00:00
1249;11012;16/06/2014;08:00:00
1250;11013;16/06/2014;08:00:00
1251;11014;16/06/2014;08:00:00
1252;11015;16/06/2014;08:00:00
1253;11016;16/06/2014;08:00:00
1254;11017;16/06/2014;08:00:00
1255;11018;16/06/2014;08:00:00
1256;11019;16/06/2014;08:00:00
1257;11020;16/06/2014;08:00:00
1258;11021;16/06/2014;08:00:00
1259;11022;16/06/2014;08:00:00
1260;11023;16/06/2014;08:00:00
1261;11024;16/06/2014;08:00:00
1262;11025;16/06/2014;08:00:00
1263;11026;16/06/2014;08:00:00
1264;11027;16/06/2014;08:00:00
1265;11028;16/06/2014;08:00:00
1266;11029;16/06/2014;08:00:00
1267;11000;16/06/2014;12:00:00
1268;11001;16/06/2014;12:00:00
1269;11002;16/06/2014;12:00:00
1270;11003;16/06/2014;12:00:00
1271;11004;16/06/2014;12:00:00
1272;11005;16/06/2014;12:00:00
1273;11006;16/06/2014;12:00:00
1274;11007;16/06/2014;12:00:00
1275;11008;16/06/2014;12:00:00
1276;11009;16/06/2014;12:00:00
1277;11010;16/06/2014;12:00:00
1278;11011;16/06/2014;12:00:00
1279;11012;16/06/2014;12:00:00
1280;11013;16/06/2014;12:00:00
1281;11014;16/06/2014;12:00:00
1282;11015;16/06/2014;12:00:00
1283;11016;16/06/2014;12:00:00
1284;11017;16/06/2014;12:00:00
1285;11018;16/06/2014;12:00:00
1286;11019;16/06/2014;12:00:00
1287;11020;16/06/2014;12:00:00
1288;11021;16/06/2014;12:00:00
1289;11022;16/06/2014;12:00:00
1290;11023;16/06/2014;12:00:00
1291;11024;16/06/2014;12:00:00
1292;11025;16/06/2014;12:00:00
1293;11026;16/06/2014;12:00:00
1294;11027;16/06/2014;12:00:00
1295;11028;16/06/2014;12:00:00
1296;11029;16/06/2014;12:00:00
1297;11000;16/06/2014;13:00:00
1298;11001;16/06/2014;13:00:00
1299;11002;16/06/2014;13:00:00
1300;11003;16/06/2014;13:00:00
1301;11004;16/06/2014;13:00:00
1302;11005;16/06/2014;13:00:00
1303;11006;16/06/2014;13:00:00
1304;11007;16/06/2014;13:00:00
1305;11008;16/06/2014;13:00:00
1306;11009;16/06/2014;13:00:00
1307;11010;16/06/2014;13:00:00
1308;11011;16/06/2014;13:00:00
1309;11012;16/06/2014;13:00:00
1310;11013;16/06/2014;13:00:00
1311;11014;16/06/2014;13:00:00
1312;11015;16/06/2014;13:00:00
1313;11016;16/06/2014;13:00:00
1314;11017;16/06/2014;13:00:00
1315;11018;16/06/2014;13:00:00
1316;11019;16/06/2014;13:00:00
1317;11020;16/06/2014;13:00:00
1318;11021;16/06/2014;13:00:00
1319;11022;16/06/2014;13:00:00
1320;11023;16/06/2014;13:00:00
1321;11024;16/06/2014;13:00:00
1322;11025;16/06/2014;13:00:00
1323;11026;16/06/2014;13:00:00
1324;11027;16/06/2014;13:00:00
1325;11028;16/06/2014;13:00:00
1326;11029;16/06/2014;13:00:00
1327;11000;16/06/2014;17:00:00
1328;11001;16/06/2014;17:00:00
1329;11002;16/06/2014;17:00:00
1330;11003;16/06/2014;17:00:00
1331;11004;16/06/2014;17:00:00
1332;11005;16/06/2014;17:00:00
1333;11006;16/06/2014;17:00:00
1334;11007;16/06/2014;17:00:00
1335;11008;16/06/2014;17:00:00
1336;11009;16/06/2014;17:00:00
1337;11010;16/06/2014;17:00:00
1338;11011;16/06/2014;17:00:00
1339;11012;16/06/2014;17:00:00
1340;11013;16/06/2014;17:00:00
1341;11014;16/06/2014;17:00:00
1342;11015;16/06/2014;17:00:00
1343;11016;16/06/2014;17:00:00
1344;11017;16/06/2014;17:00:00
1345;11018;16/06/2014;17:00:00
1346;11019;16/06/2014;17:00:00
1347;11020;16/06/2014;17:00:00
1348;11021;16/06/2014;17:00:00
1349;11022;16/06/2014;17:00:00
1350;11023;16/06/2014;17:00:00
1351;11024;16/06/2014;17:00:00
1352;11025;16/06/2014;17:00:00
1353;11026;16/06/2014;17:00:00
1354;11027;16/06/2014;17:00:00
1355;11028;16/06/2014;17:00:00
1356;11029;16/06/2014;17:00:00
1357;11000;17/06/2014;08:00:00
1358;11001;17/06/2014;08:00:00
1359;11002;17/06/2014;08:00:00
1360;11003;17/06/2014;08:00:00
1361;11004;17/06/2014;08:00:00
1362;11005;17/06/2014;08:00:00
1363;11006;17/06/2014;08:00:00
1364;11007;17/06/2014;08:00:00
1365;11008;17/06/2014;08:00:00
1366;11009;17/06/2014;08:00:00
1367;11010;17/06/2014;08:00:00
1368;11011;17/06/2014;08:00:00
1369;11012;17/06/2014;08:00:00
1370;11013;17/06/2014;08:00:00
1371;11014;17/06/2014;08:00:00
1372;11015;17/06/2014;08:00:00
1373;11016;17/06/2014;08:00:00
1374;11017;17/06/2014;08:00:00
1375;11018;17/06/2014;08:00:00
1376;11019;17/06/2014;08:00:00
1377;11020;17/06/2014;08:00:00
1378;11021;17/06/2014;08:00:00
1379;11022;17/06/2014;08:00:00
1380;11023;17/06/2014;08:00:00
1381;11024;17/06/2014;08:00:00
1382;11025;17/06/2014;08:00:00
1383;11026;17/06/2014;08:00:00
1384;11027;17/06/2014;08:00:00
1385;11028;17/06/2014;08:00:00
1386;11029;17/06/2014;08:00:00
1387;11000;17/06/2014;12:00:00
1388;11001;17/06/2014;12:00:00
1389;11002;17/06/2014;12:00:00
1390;11003;17/06/2014;12:00:00
1391;11004;17/06/2014;12:00:00
1392;11005;17/06/2014;12:00:00
1393;11006;17/06/2014;12:00:00
1394;11007;17/06/2014;12:00:00
1395;11008;17/06/2014;12:00:00
1396;11009;17/06/2014;12:00:00
1397;11010;17/06/2014;12:00:00
1398;11011;17/06/2014;12:00:00
1399;11012;17/06/2014;12:00:00
1400;11013;17/06/2014;12:00:00
1401;11014;17/06/2014;12:00:00
1402;11015;17/06/2014;12:00:00
1403;11016;17/06/2014;12:00:00
1404;11017;17/06/2014;12:00:00
1405;11018;17/06/2014;12:00:00
1406;11019;17/06/2014;12:00:00
1407;11020;17/06/2014;12:00:00
1408;11021;17/06/2014;12:00:00
1409;11022;17/06/2014;12:00:00
1410;11023;17/06/2014;12:00:00
1411;11024;17/06/2014;12:00:00
1412;11025;17/06/2014;12:00:00
1413;11026;17/06/2014;12:00:00
1414;11027;17/06/2014;12:00:00
1415;11028;17/06/2014;12:00:00
1416;11029;17/06/2014;12:11:00
1417;11029;17/06/2014;12:49:00
1418;11000;17/06/2014;13:00:00
1419;11001;17/06/2014;13:00:00
1420;11002;17/06/2014;13:00:00
1421;11003;17/06/2014;13:00:00
1422;11004;17/06/2014;13:00:00
1423;11005;17/06/2014;13:00:00
1424;11006;17/06/2014;13:00:00
1425;11007;17/06/2014;13:00:00
1426;11008;17/06/2014;13:00:00
1427;11009;17/06/2014;13:00:00
1428;11010;17/06/2014;13:00:00
1429;11011;17/06/2014;13:00:00
1430;11012;17/06/2014;13:00:00
1431;11013;17/06/2014;13:00:00
1432;11014;17/06/2014;13:00:00
1433;11015;17/06/2014;13:00:00
1434;11016;17/06/2014;13:00:00
1435;11017;17/06/2014;13:00:00
1436;11018;17/06/2014;13:00:00
1437;11019;17/06/2014;13:00:00
1438;11020;17/06/2014;13:00:00
1439;11021;17/06/2014;13:00:00
1440;11022;17/06/2014;13:00:00
1441;11023;17/06/2014;13:00:00
1442;11024;17/06/2014;13:00:00
1443;11025;17/06/2014;13:00:00
1444;11026;17/06/2014;13:00:00
1445;11027;17/06/2014;13:00:00
1446;11028;17/06/2014;13:00:00
1447;11020;17/06/2014;15:00:00
1448;11000;17/06/2014;17:00:00
1449;11001;17/06/2014;17:00:00
1450;11002;17/06/2014;17:00:00
1451;11003;17/06/2014;17:00:00
1452;11004;17/06/2014;17:00:00
1453;11005;17/06/2014;17:00:00
1454;11006;17/06/2014;17:00:00
1455;11007;17/06/2014;17:00:00
1456;11008;17/06/2014;17:00:00
1457;11009;17/06/2014;17:00:00
1458;11010;17/06/2014;17:00:00
1459;11011;17/06/2014;17:00:00
1460;11012;17/06/2014;17:00:00
1461;11013;17/06/2014;17:00:00
1462;11014;17/06/2014;17:00:00
1463;11015;17/06/2014;17:00:00
1464;11016;17/06/2014;17:00:00
1465;11017;17/06/2014;17:00:00
1466;11018;17/06/2014;17:00:00
1467;11019;17/06/2014;17:00:00
1468;11020;17/06/2014;17:00:00
1469;11021;17/06/2014;17:00:00
1470;11022;17/06/2014;17:00:00
1471;11023;17/06/2014;17:00:00
1472;11024;17/06/2014;17:00:00
1473;11025;17/06/2014;17:00:00
1474;11026;17/06/2014;17:00:00
1475;11027;17/06/2014;17:00:00
1476;11028;17/06/2014;17:00:00
1477;11029;17/06/2014;17:00:00
1478;11008;18/06/2014;07:50:00
1479;11000;18/06/2014;08:00:00
1480;11001;18/06/2014;08:00:00
1481;11002;18/06/2014;08:00:00
1482;11003;18/06/2014;08:00:00
1483;11004;18/06/2014;08:00:00
1484;11005;18/06/2014;08:00:00
1485;11006;18/06/2014;08:00:00
1486;11007;18/06/2014;08:00:00
1487;11009;18/06/2014;08:00:00
1488;11010;18/06/2014;08:00:00
1489;11011;18/06/2014;08:00:00
1490;11012;18/06/2014;08:00:00
1491;11013;18/06/2014;08:00:00
1492;11014;18/06/2014;08:00:00
1493;11015;18/06/2014;08:00:00
1494;11016;18/06/2014;08:00:00
1495;11017;18/06/2014;08:00:00
1496;11018;18/06/2014;08:00:00
1497;11019;18/06/2014;08:00:00
1498;11020;18/06/2014;08:00:00
1499;11021;18/06/2014;08:00:00
1500;11022;18/06/2014;08:00:00
1501;11023;18/06/2014;08:00:00
1502;11024;18/06/2014;08:00:00
1503;11025;18/06/2014;08:00:00
1504;11026;18/06/2014;08:00:00
1505;11027;18/06/2014;08:00:00
1506;11028;18/06/2014;08:00:00
1507;11029;18/06/2014;08:00:00
1508;11000;18/06/2014;12:00:00
1509;11001;18/06/2014;12:00:00
1510;11002;18/06/2014;12:00:00
1511;11003;18/06/2014;12:00:00
1512;11004;18/06/2014;12:00:00
1513;11005;18/06/2014;12:00:00
1514;11006;18/06/2014;12:00:00
1515;11007;18/06/2014;12:00:00
1516;11008;18/06/2014;12:00:00
1517;11009;18/06/2014;12:00:00
1518;11010;18/06/2014;12:00:00
1519;11011;18/06/2014;12:00:00
1520;11012;18/06/2014;12:00:00
1521;11013;18/06/2014;12:00:00
1522;11014;18/06/2014;12:00:00
1523;11015;18/06/2014;12:00:00
1524;11016;18/06/2014;12:00:00
1525;11017;18/06/2014;12:00:00
1526;11018;18/06/2014;12:00:00
1527;11019;18/06/2014;12:00:00
1528;11020;18/06/2014;12:00:00
1529;11021;18/06/2014;12:00:00
1530;11022;18/06/2014;12:00:00
1531;11023;18/06/2014;12:00:00
1532;11024;18/06/2014;12:00:00
1533;11025;18/06/2014;12:00:00
1534;11026;18/06/2014;12:00:00
1535;11027;18/06/2014;12:00:00
1536;11028;18/06/2014;12:00:00
1537;11029;18/06/2014;12:00:00
1538;11009;18/06/2014;12:59:00
1539;11000;18/06/2014;13:00:00
1540;11001;18/06/2014;13:00:00
1541;11002;18/06/2014;13:00:00
1542;11003;18/06/2014;13:00:00
1543;11004;18/06/2014;13:00:00
1544;11005;18/06/2014;13:00:00
1545;11006;18/06/2014;13:00:00
1546;11007;18/06/2014;13:00:00
1547;11008;18/06/2014;13:00:00
1548;11010;18/06/2014;13:00:00
1549;11011;18/06/2014;13:00:00
1550;11012;18/06/2014;13:00:00
1551;11013;18/06/2014;13:00:00
1552;11014;18/06/2014;13:00:00
1553;11015;18/06/2014;13:00:00
1554;11016;18/06/2014;13:00:00
1555;11017;18/06/2014;13:00:00
1556;11018;18/06/2014;13:00:00
1557;11019;18/06/2014;13:00:00
1558;11020;18/06/2014;13:00:00
1559;11021;18/06/2014;13:00:00
1560;11022;18/06/2014;13:00:00
1561;11023;18/06/2014;13:00:00
1562;11024;18/06/2014;13:00:00
1563;11025;18/06/2014;13:00:00
1564;11026;18/06/2014;13:00:00
1565;11027;18/06/2014;13:00:00
1566;11028;18/06/2014;13:00:00
1567;11029;18/06/2014;13:00:00
1568;11000;18/06/2014;17:00:00
1569;11001;18/06/2014;17:00:00
1570;11002;18/06/2014;17:00:00
1571;11003;18/06/2014;17:00:00
1572;11004;18/06/2014;17:00:00
1573;11005;18/06/2014;17:00:00
1574;11006;18/06/2014;17:00:00
1575;11007;18/06/2014;17:00:00
1576;11009;18/06/2014;17:00:00
1577;11010;18/06/2014;17:00:00
1578;11011;18/06/2014;17:00:00
1579;11012;18/06/2014;17:00:00
1580;11013;18/06/2014;17:00:00
1581;11014;18/06/2014;17:00:00
1582;11015;18/06/2014;17:00:00
1583;11016;18/06/2014;17:00:00
1584;11017;18/06/2014;17:00:00
1585;11018;18/06/2014;17:00:00
1586;11019;18/06/2014;17:00:00
1587;11020;18/06/2014;17:00:00
1588;11021;18/06/2014;17:00:00
1589;11022;18/06/2014;17:00:00
1590;11023;18/06/2014;17:00:00
1591;11024;18/06/2014;17:00:00
1592;11025;18/06/2014;17:00:00
1593;11026;18/06/2014;17:00:00
1594;11027;18/06/2014;17:00:00
1595;11028;18/06/2014;17:00:00
1596;11029;18/06/2014;17:00:00
1597;11008;18/06/2014;17:10:00
1598;11005;19/06/2014;01:00:00
1599;11009;19/06/2014;07:00:00
1600;11006;19/06/2014;08:00:00
1601;11024;19/06/2014;08:00:00
1602;11013;19/06/2014;09:00:00
1603;11021;19/06/2014;10:00:00
1604;11006;19/06/2014;12:00:00
1605;11009;19/06/2014;12:00:00
1606;11013;19/06/2014;12:00:00
1607;11021;19/06/2014;12:00:00
1608;11029;19/06/2014;12:00:00
1609;11013;19/06/2014;12:57:00
1610;11005;19/06/2014;14:00:00
1611;11014;19/06/2014;14:00:00
1612;11006;19/06/2014;15:00:00
1613;11013;19/06/2014;16:00:00
1614;11006;19/06/2014;17:00:00
1615;11014;19/06/2014;18:00:00
1616;11024;19/06/2014;18:00:00
1617;11000;20/06/2014;08:00:00
1618;11001;20/06/2014;08:00:00
1619;11002;20/06/2014;08:00:00
1620;11003;20/06/2014;08:00:00
1621;11004;20/06/2014;08:00:00
1622;11005;20/06/2014;08:00:00
1623;11006;20/06/2014;08:00:00
1624;11007;20/06/2014;08:00:00
1625;11008;20/06/2014;08:00:00
1626;11009;20/06/2014;08:00:00
1627;11010;20/06/2014;08:00:00
1628;11011;20/06/2014;08:00:00
1629;11012;20/06/2014;08:00:00
1630;11013;20/06/2014;08:00:00
1631;11014;20/06/2014;08:00:00
1632;11015;20/06/2014;08:00:00
1633;11016;20/06/2014;08:00:00
1634;11017;20/06/2014;08:00:00
1635;11018;20/06/2014;08:00:00
1636;11019;20/06/2014;08:00:00
1637;11020;20/06/2014;08:00:00
1638;11021;20/06/2014;08:00:00
1639;11022;20/06/2014;08:00:00
1640;11023;20/06/2014;08:00:00
1641;11024;20/06/2014;08:00:00
1642;11025;20/06/2014;08:00:00
1643;11026;20/06/2014;08:00:00
1644;11027;20/06/2014;08:00:00
1645;11028;20/06/2014;08:00:00
1646;11029;20/06/2014;08:00:00
1647;11000;20/06/2014;12:00:00
1648;11001;20/06/2014;12:00:00
1649;11002;20/06/2014;12:00:00
1650;11003;20/06/2014;12:00:00
1651;11004;20/06/2014;12:00:00
1652;11005;20/06/2014;12:00:00
1653;11006;20/06/2014;12:00:00
1654;11007;20/06/2014;12:00:00
1655;11008;20/06/2014;12:00:00
1656;11009;20/06/2014;12:00:00
1657;11011;20/06/2014;12:00:00
1658;11012;20/06/2014;12:00:00
1659;11013;20/06/2014;12:00:00
1660;11014;20/06/2014;12:00:00
1661;11015;20/06/2014;12:00:00
1662;11016;20/06/2014;12:00:00
1663;11017;20/06/2014;12:00:00
1664;11018;20/06/2014;12:00:00
1665;11019;20/06/2014;12:00:00
1666;11020;20/06/2014;12:00:00
1667;11021;20/06/2014;12:00:00
1668;11022;20/06/2014;12:00:00
1669;11023;20/06/2014;12:00:00
1670;11024;20/06/2014;12:00:00
1671;11025;20/06/2014;12:00:00
1672;11026;20/06/2014;12:00:00
1673;11027;20/06/2014;12:00:00
1674;11028;20/06/2014;12:00:00
1675;11029;20/06/2014;12:00:00
1676;11010;20/06/2014;12:10:00
1677;11010;20/06/2014;12:50:00
1678;11000;20/06/2014;13:00:00
1679;11001;20/06/2014;13:00:00
1680;11002;20/06/2014;13:00:00
1681;11003;20/06/2014;13:00:00
1682;11004;20/06/2014;13:00:00
1683;11005;20/06/2014;13:00:00
1684;11006;20/06/2014;13:00:00
1685;11007;20/06/2014;13:00:00
1686;11008;20/06/2014;13:00:00
1687;11009;20/06/2014;13:00:00
1688;11011;20/06/2014;13:00:00
1689;11012;20/06/2014;13:00:00
1690;11013;20/06/2014;13:00:00
1691;11014;20/06/2014;13:00:00
1692;11015;20/06/2014;13:00:00
1693;11016;20/06/2014;13:00:00
1694;11017;20/06/2014;13:00:00
1695;11018;20/06/2014;13:00:00
1696;11019;20/06/2014;13:00:00
1697;11020;20/06/2014;13:00:00
1698;11021;20/06/2014;13:00:00
1699;11022;20/06/2014;13:00:00
1700;11023;20/06/2014;13:00:00
1701;11024;20/06/2014;13:00:00
1702;11025;20/06/2014;13:00:00
1703;11026;20/06/2014;13:00:00
1704;11027;20/06/2014;13:00:00
1705;11028;20/06/2014;13:00:00
1706;11029;20/06/2014;13:00:00
1707;11000;20/06/2014;17:00:00
1708;11001;20/06/2014;17:00:00
1709;11002;20/06/2014;17:00:00
1710;11003;20/06/2014;17:00:00
1711;11004;20/06/2014;17:00:00
1712;11005;20/06/2014;17:00:00
1713;11006;20/06/2014;17:00:00
1714;11007;20/06/2014;17:00:00
1715;11008;20/06/2014;17:00:00
1716;11009;20/06/2014;17:00:00
1717;11010;20/06/2014;17:00:00
1718;11011;20/06/2014;17:00:00
1719;11012;20/06/2014;17:00:00
1720;11013;20/06/2014;17:00:00
1721;11014;20/06/2014;17:00:00
1722;11015;20/06/2014;17:00:00
1723;11016;20/06/2014;17:00:00
1724;11017;20/06/2014;17:00:00
1725;11018;20/06/2014;17:00:00
1726;11019;20/06/2014;17:00:00
1727;11020;20/06/2014;17:00:00
1728;11021;20/06/2014;17:00:00
1729;11022;20/06/2014;17:00:00
1730;11023;20/06/2014;17:00:00
1731;11024;20/06/2014;17:00:00
1732;11025;20/06/2014;17:00:00
1733;11026;20/06/2014;17:00:00
1734;11027;20/06/2014;17:00:00
1735;11028;20/06/2014;17:00:00
1736;11029;20/06/2014;17:00:00
1737;11029;21/06/2014;08:00:00
1738;11007;21/06/2014;09:00:00
1739;11029;21/06/2014;09:00:00
1740;11007;21/06/2014;14:00:00
1741;11022;21/06/2014;17:00:00
1742;11029;21/06/2014;18:00:00
1743;11022;21/06/2014;19:21:00
1744;11015;22/06/2014;09:00:00
1745;11015;22/06/2014;09:20:00
1746;11000;23/06/2014;08:00:00
1747;11001;23/06/2014;08:00:00
1748;11002;23/06/2014;08:00:00
1749;11003;23/06/2014;08:00:00
1750;11004;23/06/2014;08:00:00
1751;11005;23/06/2014;08:00:00
1752;11006;23/06/2014;08:00:00
1753;11007;23/06/2014;08:00:00
1754;11008;23/06/2014;08:00:00
1755;11009;23/06/2014;08:00:00
1756;11010;23/06/2014;08:00:00
1757;11011;23/06/2014;08:00:00
1758;11012;23/06/2014;08:00:00
1759;11013;23/06/2014;08:00:00
1760;11014;23/06/2014;08:00:00
1761;11015;23/06/2014;08:00:00
1762;11016;23/06/2014;08:00:00
1763;11017;23/06/2014;08:00:00
1764;11018;23/06/2014;08:00:00
1765;11019;23/06/2014;08:00:00
1766;11020;23/06/2014;08:00:00
1767;11021;23/06/2014;08:00:00
1768;11022;23/06/2014;08:00:00
1769;11023;23/06/2014;08:00:00
1770;11024;23/06/2014;08:00:00
1771;11025;23/06/2014;08:00:00
1772;11026;23/06/2014;08:00:00
1773;11027;23/06/2014;08:00:00
1774;11028;23/06/2014;08:00:00
1775;11029;23/06/2014;08:00:00
1776;11018;23/06/2014;09:00:00
1777;11018;23/06/2014;10:00:00
1778;11000;23/06/2014;12:00:00
1779;11001;23/06/2014;12:00:00
1780;11002;23/06/2014;12:00:00
1781;11003;23/06/2014;12:00:00
1782;11004;23/06/2014;12:00:00
1783;11005;23/06/2014;12:00:00
1784;11006;23/06/2014;12:00:00
1785;11007;23/06/2014;12:00:00
1786;11008;23/06/2014;12:00:00
1787;11009;23/06/2014;12:00:00
1788;11010;23/06/2014;12:00:00
1789;11011;23/06/2014;12:00:00
1790;11012;23/06/2014;12:00:00
1791;11013;23/06/2014;12:00:00
1792;11014;23/06/2014;12:00:00
1793;11015;23/06/2014;12:00:00
1794;11016;23/06/2014;12:00:00
1795;11017;23/06/2014;12:00:00
1796;11019;23/06/2014;12:00:00
1797;11020;23/06/2014;12:00:00
1798;11021;23/06/2014;12:00:00
1799;11022;23/06/2014;12:00:00
1800;11023;23/06/2014;12:00:00
1801;11024;23/06/2014;12:00:00
1802;11025;23/06/2014;12:00:00
1803;11026;23/06/2014;12:00:00
1804;11027;23/06/2014;12:00:00
1805;11028;23/06/2014;12:00:00
1806;11029;23/06/2014;12:00:00
1807;11000;23/06/2014;13:00:00
1808;11001;23/06/2014;13:00:00
1809;11002;23/06/2014;13:00:00
1810;11003;23/06/2014;13:00:00
1811;11004;23/06/2014;13:00:00
1812;11005;23/06/2014;13:00:00
1813;11006;23/06/2014;13:00:00
1814;11007;23/06/2014;13:00:00
1815;11008;23/06/2014;13:00:00
1816;11009;23/06/2014;13:00:00
1817;11010;23/06/2014;13:00:00
1818;11011;23/06/2014;13:00:00
1819;11012;23/06/2014;13:00:00
1820;11013;23/06/2014;13:00:00
1821;11014;23/06/2014;13:00:00
1822;11015;23/06/2014;13:00:00
1823;11016;23/06/2014;13:00:00
1824;11017;23/06/2014;13:00:00
1825;11019;23/06/2014;13:00:00
1826;11020;23/06/2014;13:00:00
1827;11021;23/06/2014;13:00:00
1828;11022;23/06/2014;13:00:00
1829;11023;23/06/2014;13:00:00
1830;11024;23/06/2014;13:00:00
1831;11025;23/06/2014;13:00:00
1832;11026;23/06/2014;13:00:00
1833;11027;23/06/2014;13:00:00
1834;11028;23/06/2014;13:00:00
1835;11029;23/06/2014;13:00:00
1836;11000;23/06/2014;17:00:00
1837;11001;23/06/2014;17:00:00
1838;11002;23/06/2014;17:00:00
1839;11003;23/06/2014;17:00:00
1840;11004;23/06/2014;17:00:00
1841;11005;23/06/2014;17:00:00
1842;11006;23/06/2014;17:00:00
1843;11007;23/06/2014;17:00:00
1844;11008;23/06/2014;17:00:00
1845;11009;23/06/2014;17:00:00
1846;11010;23/06/2014;17:00:00
1847;11011;23/06/2014;17:00:00
1848;11012;23/06/2014;17:00:00
1849;11013;23/06/2014;17:00:00
1850;11014;23/06/2014;17:00:00
1851;11015;23/06/2014;17:00:00
1852;11016;23/06/2014;17:00:00
1853;11017;23/06/2014;17:00:00
1854;11018;23/06/2014;17:00:00
1855;11019;23/06/2014;17:00:00
1856;11020;23/06/2014;17:00:00
1857;11021;23/06/2014;17:00:00
1858;11022;23/06/2014;17:00:00
1859;11023;23/06/2014;17:00:00
1860;11024;23/06/2014;17:00:00
1861;11025;23/06/2014;17:00:00
1862;11026;23/06/2014;17:00:00
1863;11027;23/06/2014;17:00:00
1864;11028;23/06/2014;17:00:00
1865;11029;23/06/2014;17:00:00
1866;11000;24/06/2014;08:00:00
1867;11001;24/06/2014;08:00:00
1868;11002;24/06/2014;08:00:00
1869;11003;24/06/2014;08:00:00
1870;11004;24/06/2014;08:00:00
1871;11005;24/06/2014;08:00:00
1872;11006;24/06/2014;08:00:00
1873;11007;24/06/2014;08:00:00
1874;11008;24/06/2014;08:00:00
1875;11009;24/06/2014;08:00:00
1876;11010;24/06/2014;08:00:00
1877;11011;24/06/2014;08:00:00
1878;11012;24/06/2014;08:00:00
1879;11013;24/06/2014;08:00:00
1880;11014;24/06/2014;08:00:00
1881;11015;24/06/2014;08:00:00
1882;11016;24/06/2014;08:00:00
1883;11017;24/06/2014;08:00:00
1884;11018;24/06/2014;08:00:00
1885;11019;24/06/2014;08:00:00
1886;11020;24/06/2014;08:00:00
1887;11021;24/06/2014;08:00:00
1888;11022;24/06/2014;08:00:00
1889;11024;24/06/2014;08:00:00
1890;11025;24/06/2014;08:00:00
1891;11026;24/06/2014;08:00:00
1892;11027;24/06/2014;08:00:00
1893;11028;24/06/2014;08:00:00
1894;11029;24/06/2014;08:00:00
1895;11000;24/06/2014;12:00:00
1896;11001;24/06/2014;12:00:00
1897;11002;24/06/2014;12:00:00
1898;11003;24/06/2014;12:00:00
1899;11004;24/06/2014;12:00:00
1900;11005;24/06/2014;12:00:00
1901;11006;24/06/2014;12:00:00
1902;11007;24/06/2014;12:00:00
1903;11008;24/06/2014;12:00:00
1904;11009;24/06/2014;12:00:00
1905;11010;24/06/2014;12:00:00
1906;11011;24/06/2014;12:00:00
1907;11012;24/06/2014;12:00:00
1908;11013;24/06/2014;12:00:00
1909;11014;24/06/2014;12:00:00
1910;11015;24/06/2014;12:00:00
1911;11016;24/06/2014;12:00:00
1912;11017;24/06/2014;12:00:00
1913;11018;24/06/2014;12:00:00
1914;11019;24/06/2014;12:00:00
1915;11020;24/06/2014;12:00:00
1916;11021;24/06/2014;12:00:00
1917;11022;24/06/2014;12:00:00
1918;11024;24/06/2014;12:00:00
1919;11025;24/06/2014;12:00:00
1920;11026;24/06/2014;12:00:00
1921;11027;24/06/2014;12:00:00
1922;11028;24/06/2014;12:00:00
1923;11029;24/06/2014;12:00:00
1924;11000;24/06/2014;13:00:00
1925;11001;24/06/2014;13:00:00
1926;11002;24/06/2014;13:00:00
1927;11003;24/06/2014;13:00:00
1928;11004;24/06/2014;13:00:00
1929;11005;24/06/2014;13:00:00
1930;11006;24/06/2014;13:00:00
1931;11007;24/06/2014;13:00:00
1932;11008;24/06/2014;13:00:00
1933;11009;24/06/2014;13:00:00
1934;11010;24/06/2014;13:00:00
1935;11011;24/06/2014;13:00:00
1936;11012;24/06/2014;13:00:00
1937;11013;24/06/2014;13:00:00
1938;11014;24/06/2014;13:00:00
1939;11015;24/06/2014;13:00:00
1940;11016;24/06/2014;13:00:00
1941;11017;24/06/2014;13:00:00
1942;11018;24/06/2014;13:00:00
1943;11019;24/06/2014;13:00:00
1944;11020;24/06/2014;13:00:00
1945;11021;24/06/2014;13:00:00
1946;11022;24/06/2014;13:00:00
1947;11024;24/06/2014;13:00:00
1948;11025;24/06/2014;13:00:00
1949;11026;24/06/2014;13:00:00
1950;11027;24/06/2014;13:00:00
1951;11028;24/06/2014;13:00:00
1952;11029;24/06/2014;13:00:00
1953;11000;24/06/2014;17:00:00
1954;11001;24/06/2014;17:00:00
1955;11002;24/06/2014;17:00:00
1956;11003;24/06/2014;17:00:00
1957;11004;24/06/2014;17:00:00
1958;11005;24/06/2014;17:00:00
1959;11006;24/06/2014;17:00:00
1960;11007;24/06/2014;17:00:00
1961;11008;24/06/2014;17:00:00
1962;11009;24/06/2014;17:00:00
1963;11010;24/06/2014;17:00:00
1964;11011;24/06/2014;17:00:00
1965;11012;24/06/2014;17:00:00
1966;11013;24/06/2014;17:00:00
1967;11014;24/06/2014;17:00:00
1968;11015;24/06/2014;17:00:00
1969;11016;24/06/2014;17:00:00
1970;11017;24/06/2014;17:00:00
1971;11018;24/06/2014;17:00:00
1972;11019;24/06/2014;17:00:00
1973;11020;24/06/2014;17:00:00
1974;11021;24/06/2014;17:00:00
1975;11022;24/06/2014;17:00:00
1976;11024;24/06/2014;17:00:00
1977;11025;24/06/2014;17:00:00
1978;11026;24/06/2014;17:00:00
1979;11027;24/06/2014;17:00:00
1980;11028;24/06/2014;17:00:00
1981;11029;24/06/2014;17:00:00
1982;11000;25/06/2014;08:00:00
1983;11001;25/06/2014;08:00:00
1984;11002;25/06/2014;08:00:00
1985;11003;25/06/2014;08:00:00
1986;11004;25/06/2014;08:00:00
1987;11005;25/06/2014;08:00:00
1988;11006;25/06/2014;08:00:00
1989;11007;25/06/2014;08:00:00
1990;11008;25/06/2014;08:00:00
1991;11009;25/06/2014;08:00:00
1992;11010;25/06/2014;08:00:00
1993;11011;25/06/2014;08:00:00
1994;11012;25/06/2014;08:00:00
1995;11013;25/06/2014;08:00:00
1996;11015;25/06/2014;08:00:00
1997;11016;25/06/2014;08:00:00
1998;11017;25/06/2014;08:00:00
1999;11018;25/06/2014;08:00:00
2000;11019;25/06/2014;08:00:00
2001;11020;25/06/2014;08:00:00
2002;11021;25/06/2014;08:00:00
2003;11022;25/06/2014;08:00:00
2004;11023;25/06/2014;08:00:00
2005;11024;25/06/2014;08:00:00
2006;11025;25/06/2014;08:00:00
2007;11026;25/06/2014;08:00:00
2008;11027;25/06/2014;08:00:00
2009;11028;25/06/2014;08:00:00
2010;11029;25/06/2014;08:00:00
2011;11000;25/06/2014;12:00:00
2012;11001;25/06/2014;12:00:00
2013;11002;25/06/2014;12:00:00
2014;11003;25/06/2014;12:00:00
2015;11004;25/06/2014;12:00:00
2016;11005;25/06/2014;12:00:00
2017;11006;25/06/2014;12:00:00
2018;11007;25/06/2014;12:00:00
2019;11008;25/06/2014;12:00:00
2020;11009;25/06/2014;12:00:00
2021;11010;25/06/2014;12:00:00
2022;11011;25/06/2014;12:00:00
2023;11012;25/06/2014;12:00:00
2024;11013;25/06/2014;12:00:00
2025;11015;25/06/2014;12:00:00
2026;11016;25/06/2014;12:00:00
2027;11017;25/06/2014;12:00:00
2028;11018;25/06/2014;12:00:00
2029;11019;25/06/2014;12:00:00
2030;11020;25/06/2014;12:00:00
2031;11021;25/06/2014;12:00:00
2032;11022;25/06/2014;12:00:00
2033;11023;25/06/2014;12:00:00
2034;11024;25/06/2014;12:00:00
2035;11025;25/06/2014;12:00:00
2036;11026;25/06/2014;12:00:00
2037;11027;25/06/2014;12:00:00
2038;11028;25/06/2014;12:00:00
2039;11029;25/06/2014;12:00:00
2040;11014;25/06/2014;12:01:00
2041;11000;25/06/2014;13:00:00
2042;11001;25/06/2014;13:00:00
2043;11002;25/06/2014;13:00:00
2044;11003;25/06/2014;13:00:00
2045;11004;25/06/2014;13:00:00
2046;11005;25/06/2014;13:00:00
2047;11006;25/06/2014;13:00:00
2048;11007;25/06/2014;13:00:00
2049;11008;25/06/2014;13:00:00
2050;11009;25/06/2014;13:00:00
2051;11010;25/06/2014;13:00:00
2052;11011;25/06/2014;13:00:00
2053;11012;25/06/2014;13:00:00
2054;11013;25/06/2014;13:00:00
2055;11015;25/06/2014;13:00:00
2056;11016;25/06/2014;13:00:00
2057;11017;25/06/2014;13:00:00
2058;11018;25/06/2014;13:00:00
2059;11019;25/06/2014;13:00:00
2060;11020;25/06/2014;13:00:00
2061;11021;25/06/2014;13:00:00
2062;11022;25/06/2014;13:00:00
2063;11023;25/06/2014;13:00:00
2064;11024;25/06/2014;13:00:00
2065;11025;25/06/2014;13:00:00
2066;11026;25/06/2014;13:00:00
2067;11027;25/06/2014;13:00:00
2068;11028;25/06/2014;13:00:00
2069;11029;25/06/2014;13:00:00
2070;11014;25/06/2014;16:00:00
2071;11000;25/06/2014;17:00:00
2072;11001;25/06/2014;17:00:00
2073;11002;25/06/2014;17:00:00
2074;11003;25/06/2014;17:00:00
2075;11004;25/06/2014;17:00:00
2076;11005;25/06/2014;17:00:00
2077;11006;25/06/2014;17:00:00
2078;11007;25/06/2014;17:00:00
2079;11008;25/06/2014;17:00:00
2080;11009;25/06/2014;17:00:00
2081;11010;25/06/2014;17:00:00
2082;11011;25/06/2014;17:00:00
2083;11012;25/06/2014;17:00:00
2084;11013;25/06/2014;17:00:00
2085;11014;25/06/2014;17:00:00
2086;11015;25/06/2014;17:00:00
2087;11016;25/06/2014;17:00:00
2088;11017;25/06/2014;17:00:00
2089;11018;25/06/2014;17:00:00
2090;11019;25/06/2014;17:00:00
2091;11020;25/06/2014;17:00:00
2092;11021;25/06/2014;17:00:00
2093;11022;25/06/2014;17:00:00
2094;11023;25/06/2014;17:00:00
2095;11024;25/06/2014;17:00:00
2096;11025;25/06/2014;17:00:00
2097;11026;25/06/2014;17:00:00
2098;11027;25/06/2014;17:00:00
2099;11028;25/06/2014;17:00:00
2100;11029;25/06/2014;17:00:00
2101;11014;25/06/2014;21:00:00
2102;11014;26/06/2014;07:59:00
2103;11000;26/06/2014;08:00:00
2104;11001;26/06/2014;08:00:00
2105;11002;26/06/2014;08:00:00
2106;11003;26/06/2014;08:00:00
2107;11004;26/06/2014;08:00:00
2108;11005;26/06/2014;08:00:00
2109;11006;26/06/2014;08:00:00
2110;11007;26/06/2014;08:00:00
2111;11008;26/06/2014;08:00:00
2112;11009;26/06/2014;08:00:00
2113;11010;26/06/2014;08:00:00
2114;11011;26/06/2014;08:00:00
2115;11012;26/06/2014;08:00:00
2116;11013;26/06/2014;08:00:00
2117;11015;26/06/2014;08:00:00
2118;11016;26/06/2014;08:00:00
2119;11017;26/06/2014;08:00:00
2120;11018;26/06/2014;08:00:00
2121;11019;26/06/2014;08:00:00
2122;11020;26/06/2014;08:00:00
2123;11021;26/06/2014;08:00:00
2124;11022;26/06/2014;08:00:00
2125;11023;26/06/2014;08:00:00
2126;11024;26/06/2014;08:00:00
2127;11025;26/06/2014;08:00:00
2128;11026;26/06/2014;08:00:00
2129;11027;26/06/2014;08:00:00
2130;11028;26/06/2014;08:00:00
2131;11029;26/06/2014;08:00:00
2132;11000;26/06/2014;12:00:00
2133;11001;26/06/2014;12:00:00
2134;11002;26/06/2014;12:00:00
2135;11003;26/06/2014;12:00:00
2136;11004;26/06/2014;12:00:00
2137;11005;26/06/2014;12:00:00
2138;11006;26/06/2014;12:00:00
2139;11007;26/06/2014;12:00:00
2140;11008;26/06/2014;12:00:00
2141;11009;26/06/2014;12:00:00
2142;11010;26/06/2014;12:00:00
2143;11011;26/06/2014;12:00:00
2144;11012;26/06/2014;12:00:00
2145;11013;26/06/2014;12:00:00
2146;11014;26/06/2014;12:00:00
2147;11015;26/06/2014;12:00:00
2148;11016;26/06/2014;12:00:00
2149;11017;26/06/2014;12:00:00
2150;11018;26/06/2014;12:00:00
2151;11020;26/06/2014;12:00:00
2152;11021;26/06/2014;12:00:00
2153;11022;26/06/2014;12:00:00
2154;11023;26/06/2014;12:00:00
2155;11024;26/06/2014;12:00:00
2156;11025;26/06/2014;12:00:00
2157;11026;26/06/2014;12:00:00
2158;11027;26/06/2014;12:00:00
2159;11028;26/06/2014;12:00:00
2160;11029;26/06/2014;12:00:00
2161;11000;26/06/2014;13:00:00
2162;11001;26/06/2014;13:00:00
2163;11002;26/06/2014;13:00:00
2164;11003;26/06/2014;13:00:00
2165;11004;26/06/2014;13:00:00
2166;11005;26/06/2014;13:00:00
2167;11006;26/06/2014;13:00:00
2168;11007;26/06/2014;13:00:00
2169;11008;26/06/2014;13:00:00
2170;11009;26/06/2014;13:00:00
2171;11010;26/06/2014;13:00:00
2172;11011;26/06/2014;13:00:00
2173;11012;26/06/2014;13:00:00
2174;11013;26/06/2014;13:00:00
2175;11014;26/06/2014;13:00:00
2176;11015;26/06/2014;13:00:00
2177;11016;26/06/2014;13:00:00
2178;11017;26/06/2014;13:00:00
2179;11018;26/06/2014;13:00:00
2180;11020;26/06/2014;13:00:00
2181;11022;26/06/2014;13:00:00
2182;11024;26/06/2014;13:00:00
2183;11025;26/06/2014;13:00:00
2184;11026;26/06/2014;13:00:00
2185;11027;26/06/2014;13:00:00
2186;11028;26/06/2014;13:00:00
2187;11029;26/06/2014;13:00:00
2188;11019;26/06/2014;15:00:00
2189;11019;26/06/2014;16:00:00
2190;11000;26/06/2014;17:00:00
2191;11001;26/06/2014;17:00:00
2192;11002;26/06/2014;17:00:00
2193;11003;26/06/2014;17:00:00
2194;11004;26/06/2014;17:00:00
2195;11005;26/06/2014;17:00:00
2196;11006;26/06/2014;17:00:00
2197;11007;26/06/2014;17:00:00
2198;11008;26/06/2014;17:00:00
2199;11009;26/06/2014;17:00:00
2200;11010;26/06/2014;17:00:00
2201;11011;26/06/2014;17:00:00
2202;11012;26/06/2014;17:00:00
2203;11013;26/06/2014;17:00:00
2204;11014;26/06/2014;17:00:00
2205;11015;26/06/2014;17:00:00
2206;11016;26/06/2014;17:00:00
2207;11017;26/06/2014;17:00:00
2208;11018;26/06/2014;17:00:00
2209;11019;26/06/2014;17:00:00
2210;11020;26/06/2014;17:00:00
2211;11021;26/06/2014;17:00:00
2212;11022;26/06/2014;17:00:00
2213;11024;26/06/2014;17:00:00
2214;11025;26/06/2014;17:00:00
2215;11026;26/06/2014;17:00:00
2216;11027;26/06/2014;17:00:00
2217;11028;26/06/2014;17:00:00
2218;11029;26/06/2014;17:00:00
2219;11010;26/06/2014;17:10:00
2220;11010;26/06/2014;18:00:00
2221;11000;27/06/2014;08:00:00
2222;11001;27/06/2014;08:00:00
2223;11002;27/06/2014;08:00:00
2224;11003;27/06/2014;08:00:00
2225;11004;27/06/2014;08:00:00
2226;11005;27/06/2014;08:00:00
2227;11006;27/06/2014;08:00:00
2228;11007;27/06/2014;08:00:00
2229;11008;27/06/2014;08:00:00
2230;11009;27/06/2014;08:00:00
2231;11010;27/06/2014;08:00:00
2232;11011;27/06/2014;08:00:00
2233;11012;27/06/2014;08:00:00
2234;11013;27/06/2014;08:00:00
2235;11014;27/06/2014;08:00:00
2236;11015;27/06/2014;08:00:00
2237;11016;27/06/2014;08:00:00
2238;11017;27/06/2014;08:00:00
2239;11018;27/06/2014;08:00:00
2240;11019;27/06/2014;08:00:00
2241;11020;27/06/2014;08:00:00
2242;11021;27/06/2014;08:00:00
2243;11022;27/06/2014;08:00:00
2244;11023;27/06/2014;08:00:00
2245;11024;27/06/2014;08:00:00
2246;11025;27/06/2014;08:00:00
2247;11026;27/06/2014;08:00:00
2248;11027;27/06/2014;08:00:00
2249;11028;27/06/2014;08:00:00
2250;11029;27/06/2014;08:00:00
2251;11017;27/06/2014;11:49:00
2252;11000;27/06/2014;12:00:00
2253;11001;27/06/2014;12:00:00
2254;11002;27/06/2014;12:00:00
2255;11003;27/06/2014;12:00:00
2256;11004;27/06/2014;12:00:00
2257;11005;27/06/2014;12:00:00
2258;11006;27/06/2014;12:00:00
2259;11007;27/06/2014;12:00:00
2260;11008;27/06/2014;12:00:00
2261;11009;27/06/2014;12:00:00
2262;11010;27/06/2014;12:00:00
2263;11011;27/06/2014;12:00:00
2264;11012;27/06/2014;12:00:00
2265;11013;27/06/2014;12:00:00
2266;11014;27/06/2014;12:00:00
2267;11015;27/06/2014;12:00:00
2268;11016;27/06/2014;12:00:00
2269;11018;27/06/2014;12:00:00
2270;11019;27/06/2014;12:00:00
2271;11020;27/06/2014;12:00:00
2272;11021;27/06/2014;12:00:00
2273;11022;27/06/2014;12:00:00
2274;11023;27/06/2014;12:00:00
2275;11024;27/06/2014;12:00:00
2276;11025;27/06/2014;12:00:00
2277;11026;27/06/2014;12:00:00
2278;11027;27/06/2014;12:00:00
2279;11028;27/06/2014;12:00:00
2280;11029;27/06/2014;12:00:00
2281;11000;27/06/2014;13:00:00
2282;11001;27/06/2014;13:00:00
2283;11002;27/06/2014;13:00:00
2284;11003;27/06/2014;13:00:00
2285;11004;27/06/2014;13:00:00
2286;11005;27/06/2014;13:00:00
2287;11006;27/06/2014;13:00:00
2288;11007;27/06/2014;13:00:00
2289;11008;27/06/2014;13:00:00
2290;11009;27/06/2014;13:00:00
2291;11010;27/06/2014;13:00:00
2292;11011;27/06/2014;13:00:00
2293;11012;27/06/2014;13:00:00
2294;11013;27/06/2014;13:00:00
2295;11014;27/06/2014;13:00:00
2296;11015;27/06/2014;13:00:00
2297;11016;27/06/2014;13:00:00
2298;11018;27/06/2014;13:00:00
2299;11019;27/06/2014;13:00:00
2300;11020;27/06/2014;13:00:00
2301;11021;27/06/2014;13:00:00
2302;11022;27/06/2014;13:00:00
2303;11023;27/06/2014;13:00:00
2304;11024;27/06/2014;13:00:00
2305;11025;27/06/2014;13:00:00
2306;11026;27/06/2014;13:00:00
2307;11027;27/06/2014;13:00:00
2308;11028;27/06/2014;13:00:00
2309;11029;27/06/2014;13:00:00
2310;11017;27/06/2014;13:11:00
2311;11000;27/06/2014;17:00:00
2312;11001;27/06/2014;17:00:00
2313;11002;27/06/2014;17:00:00
2314;11003;27/06/2014;17:00:00
2315;11004;27/06/2014;17:00:00
2316;11005;27/06/2014;17:00:00
2317;11006;27/06/2014;17:00:00
2318;11007;27/06/2014;17:00:00
2319;11008;27/06/2014;17:00:00
2320;11009;27/06/2014;17:00:00
2321;11010;27/06/2014;17:00:00
2322;11011;27/06/2014;17:00:00
2323;11012;27/06/2014;17:00:00
2324;11013;27/06/2014;17:00:00
2325;11014;27/06/2014;17:00:00
2326;11015;27/06/2014;17:00:00
2327;11016;27/06/2014;17:00:00
2328;11017;27/06/2014;17:00:00
2329;11018;27/06/2014;17:00:00
2330;11019;27/06/2014;17:00:00
2331;11020;27/06/2014;17:00:00
2332;11021;27/06/2014;17:00:00
2333;11022;27/06/2014;17:00:00
2334;11023;27/06/2014;17:00:00
2335;11024;27/06/2014;17:00:00
2336;11025;27/06/2014;17:00:00
2337;11026;27/06/2014;17:00:00
2338;11027;27/06/2014;17:00:00
2339;11028;27/06/2014;17:00:00
2340;11029;27/06/2014;17:00:00
2341;11016;28/06/2014;07:45:00
2342;11023;28/06/2014;08:00:00
2343;11023;28/06/2014;12:00:00
2344;11023;28/06/2014;12:25:00
2345;11016;28/06/2014;15:12:00
2346;11016;28/06/2014;16:11:00
2347;11016;28/06/2014;17:00:00
2348;11016;28/06/2014;17:10:00
2349;11001;29/06/2014;14:00:00
2350;11007;29/06/2014;14:00:00
2351;11017;29/06/2014;14:00:00
2352;11001;29/06/2014;15:30:00
2353;11017;29/06/2014;15:32:00
2354;11007;29/06/2014;22:00:00
2355;11000;30/06/2014;08:00:00
2356;11001;30/06/2014;08:00:00
2357;11002;30/06/2014;08:00:00
2358;11003;30/06/2014;08:00:00
2359;11004;30/06/2014;08:00:00
2360;11005;30/06/2014;08:00:00
2361;11006;30/06/2014;08:00:00
2362;11007;30/06/2014;08:00:00
2363;11008;30/06/2014;08:00:00
2364;11009;30/06/2014;08:00:00
2365;11010;30/06/2014;08:00:00
2366;11011;30/06/2014;08:00:00
2367;11012;30/06/2014;08:00:00
2368;11013;30/06/2014;08:00:00
2369;11014;30/06/2014;08:00:00
2370;11015;30/06/2014;08:00:00
2371;11016;30/06/2014;08:00:00
2372;11017;30/06/2014;08:00:00
2373;11019;30/06/2014;08:00:00
2374;11020;30/06/2014;08:00:00
2375;11021;30/06/2014;08:00:00
2376;11022;30/06/2014;08:00:00
2377;11023;30/06/2014;08:00:00
2378;11024;30/06/2014;08:00:00
2379;11025;30/06/2014;08:00:00
2380;11026;30/06/2014;08:00:00
2381;11027;30/06/2014;08:00:00
2382;11028;30/06/2014;08:00:00
2383;11029;30/06/2014;08:00:00
2384;11018;30/06/2014;08:06:00
2385;11018;30/06/2014;11:54:00
2386;11000;30/06/2014;12:00:00
2387;11001;30/06/2014;12:00:00
2388;11002;30/06/2014;12:00:00
2389;11003;30/06/2014;12:00:00
2390;11004;30/06/2014;12:00:00
2391;11005;30/06/2014;12:00:00
2392;11006;30/06/2014;12:00:00
2393;11007;30/06/2014;12:00:00
2394;11008;30/06/2014;12:00:00
2395;11009;30/06/2014;12:00:00
2396;11010;30/06/2014;12:00:00
2397;11011;30/06/2014;12:00:00
2398;11012;30/06/2014;12:00:00
2399;11013;30/06/2014;12:00:00
2400;11014;30/06/2014;12:00:00
2401;11015;30/06/2014;12:00:00
2402;11016;30/06/2014;12:00:00
2403;11017;30/06/2014;12:00:00
2404;11019;30/06/2014;12:00:00
2405;11020;30/06/2014;12:00:00
2406;11021;30/06/2014;12:00:00
2407;11022;30/06/2014;12:00:00
2408;11023;30/06/2014;12:00:00
2409;11024;30/06/2014;12:00:00
2410;11025;30/06/2014;12:00:00
2411;11026;30/06/2014;12:00:00
2412;11027;30/06/2014;12:00:00
2413;11028;30/06/2014;12:00:00
2414;11029;30/06/2014;12:00:00
2415;11000;30/06/2014;13:00:00
2416;11001;30/06/2014;13:00:00
2417;11002;30/06/2014;13:00:00
2418;11003;30/06/2014;13:00:00
2419;11004;30/06/2014;13:00:00
2420;11005;30/06/2014;13:00:00
2421;11006;30/06/2014;13:00:00
2422;11007;30/06/2014;13:00:00
2423;11008;30/06/2014;13:00:00
2424;11009;30/06/2014;13:00:00
2425;11010;30/06/2014;13:00:00
2426;11011;30/06/2014;13:00:00
2427;11012;30/06/2014;13:00:00
2428;11013;30/06/2014;13:00:00
2429;11014;30/06/2014;13:00:00
2430;11015;30/06/2014;13:00:00
2431;11016;30/06/2014;13:00:00
2432;11017;30/06/2014;13:00:00
2433;11019;30/06/2014;13:00:00
2434;11020;30/06/2014;13:00:00
2435;11021;30/06/2014;13:00:00
2436;11022;30/06/2014;13:00:00
2437;11023;30/06/2014;13:00:00
2438;11024;30/06/2014;13:00:00
2439;11025;30/06/2014;13:00:00
2440;11026;30/06/2014;13:00:00
2441;11027;30/06/2014;13:00:00
2442;11028;30/06/2014;13:00:00
2443;11029;30/06/2014;13:00:00
2444;11018;30/06/2014;13:06:00
2445;11018;30/06/2014;16:54:00
2446;11000;30/06/2014;17:00:00
2447;11001;30/06/2014;17:00:00
2448;11002;30/06/2014;17:00:00
2449;11003;30/06/2014;17:00:00
2450;11004;30/06/2014;17:00:00
2451;11005;30/06/2014;17:00:00
2452;11006;30/06/2014;17:00:00
2453;11007;30/06/2014;17:00:00
2454;11008;30/06/2014;17:00:00
2455;11009;30/06/2014;17:00:00
2456;11010;30/06/2014;17:00:00
2457;11011;30/06/2014;17:00:00
2458;11012;30/06/2014;17:00:00
2459;11013;30/06/2014;17:00:00
2460;11014;30/06/2014;17:00:00
2461;11015;30/06/2014;17:00:00
2462;11016;30/06/2014;17:00:00
2463;11017;30/06/2014;17:00:00
2464;11019;30/06/2014;17:00:00
2465;11020;30/06/2014;17:00:00
2466;11021;30/06/2014;17:00:00
2467;11022;30/06/2014;17:00:00
2468;11023;30/06/2014;17:00:00
2469;11024;30/06/2014;17:00:00
2470;11025;30/06/2014;17:00:00
2471;11026;30/06/2014;17:00:00
2472;11027;30/06/2014;17:00:00
2473;11028;30/06/2014;17:00:00
2474;11029;30/06/2014;17:00:00
